directory,file_count,total_size_bytes
.,4,11210
.claude/skills/ai-tune-bfs,1,13416
.claude/skills/ai-tune-from-current-best,1,20553
.claude/skills/ai-tune-from-scratch,1,20122
.claude/skills/fsm-engine,1,10144
.claude/skills/fsm-engine/protocol,5,29753
.claude/skills/fsm-engine/scripts,3,32968
.claude/skills/fsm-engine/state,5,5704
.claude/skills/iterative-improve,1,7860
.claude/skills/push-marginal,1,9128
.claude/skills/ralph-loop-request,1,4566
.cursor/rules,6,23273
.cursor/skills/ralph-loop-request,1,4566
.git,8,838531
.git/hooks,13,23442
.git/info,2,528
.git/logs,1,70172
.git/logs/refs/heads,1,67533
.git/logs/refs/heads/experimental,1,2048
.git/logs/refs/remotes/origin,1,2628
.git/logs/refs/remotes/origin/experimental,1,584
.git/objects/info,2,21026
.git/objects/pack,2,25564540
.git/refs/remotes/origin,1,41
1024x1024x1024,4,2402825
1024x1024x4096,4,2402813
1024x1024x8192,4,2402816
1024x4096x1024,4,2379500
1024x4096x4096,4,2379498
1024x8192x1024,4,2402827
1024x8192x8192,4,2379545
12288x12288x12288,4,2379566
12288x12288x4096,4,2379512
12288x12288x8192,4,2379505
12288x4096x12288,4,2379507
12288x4096x4096,4,2379505
12288x8192x12288,4,2379600
12288x8192x8192,4,2379504
128x4096x4096,4,2379493
128x8192x8192,4,2379493
16384x16384x16384,4,2379517
16384x16384x4096,4,2379511
16384x16384x8192,4,2379506
16384x4096x16384,4,2379523
16384x4096x4096,4,2379499
16384x8192x16384,4,2379559
16384x8192x8192,4,2379498
2048x2048x2048,4,2379491
2048x2048x4096,4,2379507
2048x2048x8192,4,2379492
2048x4096x2048,4,2379491
2048x4096x4096,4,2379493
2048x8192x2048,4,2379492
2048x8192x8192,4,2379493
256x256x256,4,2379467
256x256x4096,4,2379476
256x256x8192,4,2379476
256x4096x256,4,2380009
256x4096x4096,4,2379491
256x8192x256,4,2379477
256x8192x8192,4,2379493
3072x3072x3072,4,2379492
3072x3072x4096,4,2379546
3072x3072x8192,4,2379496
3072x4096x3072,4,2379493
3072x8192x3072,4,2379492
3072x8192x8192,4,2379493
384x8192x8192,4,2379493
4096x1024x1024,4,2379499
4096x1024x4096,4,2379491
4096x1024x8192,4,2379256
4096x12288x12288,4,2379507
4096x12288x4096,4,2379521
4096x12288x8192,4,2379552
4096x16384x16384,4,2379507
4096x16384x4096,4,2379515
4096x16384x8192,4,2379658
4096x2048x2048,4,2379492
4096x2048x4096,4,2379491
4096x2048x8192,4,2379544
4096x256x256,4,2379477
4096x256x4096,4,2379485
4096x256x8192,4,2379485
4096x3072x3072,4,2379544
4096x3072x8192,4,2379650
4096x32768x4096,4,2379592
4096x32768x8192,4,2379592
4096x4096x1024,4,2403121
4096x4096x12288,4,2379552
4096x4096x128,4,2379485
4096x4096x16384,4,2379500
4096x4096x2048,4,2379491
4096x4096x256,4,2379484
4096x4096x4096,4,2379493
4096x4096x512,4,2379486
4096x4096x6144,4,2379508
4096x4096x8192,4,2379545
4096x512x4096,4,2379484
4096x512x512,4,2379478
4096x512x8192,4,2379484
4096x6144x4096,4,2379493
4096x6144x6144,4,2379493
4096x6144x8192,4,2379546
4096x8192x1024,4,2381400
4096x8192x12288,4,2379552
4096x8192x128,4,2379485
4096x8192x16384,4,2379553
4096x8192x2048,4,2379493
4096x8192x256,4,2379484
4096x8192x32768,4,2379516
4096x8192x4096,4,2379492
4096x8192x512,4,2379485
4096x8192x6144,4,2379510
4096x8192x8192,4,2379545
512x4096x4096,4,2379492
512x4096x512,4,2379486
512x512x4096,4,2379479
512x512x512,4,2379471
512x512x8192,4,2379479
512x8192x512,4,2379486
512x8192x8192,4,2379492
6144x4096x4096,4,2379461
6144x4096x6144,4,2379493
6144x6144x4096,4,2379493
6144x6144x6144,4,2379498
6144x6144x8192,4,2379493
6144x8192x6144,4,2379499
6144x8192x8192,4,2379492
768x768x768,4,2379469
768x8192x8192,4,2379502
8192x1024x1024,4,2402807
8192x1024x8192,4,2379513
8192x12288x12288,4,2379600
8192x12288x8192,4,2379506
8192x16384x16384,4,2379652
8192x16384x8192,4,2379500
8192x2048x2048,4,2381400
8192x2048x8192,4,2379545
8192x256x256,4,2380009
8192x256x8192,4,2379507
8192x3072x3072,4,2379492
8192x32768x8192,4,2379552
8192x4096x4096,4,2379493
8192x4096x8192,4,2379545
8192x512x512,4,2379479
8192x512x8192,4,2379485
8192x6144x6144,4,2379493
8192x6144x8192,4,2379492
8192x8192x1024,4,2379492
8192x8192x12288,4,2379552
8192x8192x128,4,2379484
8192x8192x16384,4,2379552
8192x8192x2048,4,2379492
8192x8192x256,4,2380016
8192x8192x4096,4,2379493
8192x8192x512,4,2379484
8192x8192x6144,4,2379496
8192x8192x8192,4,2379493
figures,3,71437
figures/node_modules,1,39524
figures/node_modules/.bin,10,15051
figures/node_modules/@asamuzakjp/css-color,3,13099
figures/node_modules/@asamuzakjp/css-color/dist/browser,2,879772
figures/node_modules/@asamuzakjp/css-color/dist/cjs,3,476460
figures/node_modules/@asamuzakjp/css-color/dist/esm,3,2793
figures/node_modules/@asamuzakjp/css-color/dist/esm/js,34,536100
figures/node_modules/@asamuzakjp/css-color/src,1,726
figures/node_modules/@asamuzakjp/css-color/src/js,12,188867
figures/node_modules/@csstools/color-helpers,4,4049
figures/node_modules/@csstools/color-helpers/dist,3,76821
figures/node_modules/@csstools/css-calc,4,6737
figures/node_modules/@csstools/css-calc/dist,3,64275
figures/node_modules/@csstools/css-color-parser,4,4844
figures/node_modules/@csstools/css-color-parser/dist,3,100306
figures/node_modules/@csstools/css-parser-algorithms,4,6282
figures/node_modules/@csstools/css-parser-algorithms/dist,3,39099
figures/node_modules/@csstools/css-tokenizer,4,4993
figures/node_modules/@csstools/css-tokenizer/dist,3,67990
figures/node_modules/agent-base,3,4619
figures/node_modules/agent-base/dist,8,19343
figures/node_modules/asynckit,9,15713
figures/node_modules/asynckit/lib,11,11649
figures/node_modules/call-bind-apply-helpers,19,12700
figures/node_modules/call-bind-apply-helpers/.github,1,594
figures/node_modules/call-bind-apply-helpers/test,1,2658
figures/node_modules/combined-stream,4,6827
figures/node_modules/combined-stream/lib,1,4687
figures/node_modules/commander,7,123038
figures/node_modules/commander/typings,1,21672
figures/node_modules/cssstyle,3,3561
figures/node_modules/cssstyle/lib,4,33276
figures/node_modules/cssstyle/lib/generated,3,104187
figures/node_modules/cssstyle/lib/properties,73,68832
figures/node_modules/cssstyle/lib/utils,3,6910
figures/node_modules/cssstyle/node_modules/rrweb-cssom,3,3963
figures/node_modules/cssstyle/node_modules/rrweb-cssom/build,1,46652
figures/node_modules/cssstyle/node_modules/rrweb-cssom/lib,26,54863
figures/node_modules/d3,3,3716
figures/node_modules/d3-array,3,65496
figures/node_modules/d3-array/dist,2,56735
figures/node_modules/d3-array/src,58,40776
figures/node_modules/d3-array/src/threshold,3,723
figures/node_modules/d3-axis,3,16670
figures/node_modules/d3-axis/dist,2,9158
figures/node_modules/d3-axis/src,3,5582
figures/node_modules/d3-brush,3,18055
figures/node_modules/d3-brush/dist,2,29452
figures/node_modules/d3-brush/src,5,19048
figures/node_modules/d3-chord,3,16174
figures/node_modules/d3-chord/dist,2,13535
figures/node_modules/d3-chord/src,6,8840
figures/node_modules/d3-color,3,16384
figures/node_modules/d3-color/dist,2,27664
figures/node_modules/d3-color/src,6,17104
figures/node_modules/d3-contour,3,18486
figures/node_modules/d3-contour/dist,2,18291
figures/node_modules/d3-contour/src,9,12536
figures/node_modules/d3-delaunay,3,18286
figures/node_modules/d3-delaunay/dist,2,64205
figures/node_modules/d3-delaunay/src,5,21962
figures/node_modules/d3-dispatch,3,7671
figures/node_modules/d3-dispatch/dist,2,5139
figures/node_modules/d3-dispatch/src,2,2794
figures/node_modules/d3-drag,3,22611
figures/node_modules/d3-drag/dist,2,12406
figures/node_modules/d3-drag/src,6,8006
figures/node_modules/d3-dsv,3,29200
figures/node_modules/d3-dsv/bin,3,4834
figures/node_modules/d3-dsv/dist,2,10564
figures/node_modules/d3-dsv/src,5,6635
figures/node_modules/d3-ease,3,19893
figures/node_modules/d3-ease/dist,2,9023
figures/node_modules/d3-ease/src,12,5713
figures/node_modules/d3-fetch,3,9281
figures/node_modules/d3-fetch/dist,2,4515
figures/node_modules/d3-fetch/src,8,2623
figures/node_modules/d3-force,3,45099
figures/node_modules/d3-force/dist,2,26326
figures/node_modules/d3-force/src,12,18126
figures/node_modules/d3-format,3,2414
figures/node_modules/d3-format/dist,2,17912
figures/node_modules/d3-format/locale,59,8846
figures/node_modules/d3-format/src,16,13170
figures/node_modules/d3-geo,3,4302
figures/node_modules/d3-geo/dist,2,126087
figures/node_modules/d3-geo/src,21,35847
figures/node_modules/d3-geo/src/clip,8,22272
figures/node_modules/d3-geo/src/path,7,9595
figures/node_modules/d3-geo/src/projection,22,28962
figures/node_modules/d3-hierarchy,3,46157
figures/node_modules/d3-hierarchy/dist,2,51658
figures/node_modules/d3-hierarchy/src,9,16342
figures/node_modules/d3-hierarchy/src/hierarchy,14,5542
figures/node_modules/d3-hierarchy/src/pack,3,8519
figures/node_modules/d3-hierarchy/src/treemap,8,8012
figures/node_modules/d3-interpolate,3,29264
figures/node_modules/d3-interpolate/dist,2,23522
figures/node_modules/d3-interpolate/src,23,13478
figures/node_modules/d3-interpolate/src/transform,3,3423
figures/node_modules/d3-path,3,8826
figures/node_modules/d3-path/dist,2,7446
figures/node_modules/d3-path/src,2,4586
figures/node_modules/d3-polygon,3,5408
figures/node_modules/d3-polygon/dist,2,5668
figures/node_modules/d3-polygon/src,7,3751
figures/node_modules/d3-quadtree,3,14819
figures/node_modules/d3-quadtree/dist,2,16806
figures/node_modules/d3-quadtree/src,15,11766
figures/node_modules/d3-random,3,14323
figures/node_modules/d3-random/dist,2,13417
figures/node_modules/d3-random/src,20,10362
figures/node_modules/d3-scale,3,94056
figures/node_modules/d3-scale-chromatic,3,4019
figures/node_modules/d3-scale-chromatic/dist,2,44128
figures/node_modules/d3-scale-chromatic/src,4,4465
figures/node_modules/d3-scale-chromatic/src/categorical,11,1317
figures/node_modules/d3-scale-chromatic/src/diverging,9,5256
figures/node_modules/d3-scale-chromatic/src/sequential-multi,18,13836
figures/node_modules/d3-scale-chromatic/src/sequential-single,6,2676
figures/node_modules/d3-scale/dist,2,46699
figures/node_modules/d3-scale/src,24,33608
figures/node_modules/d3-selection,3,62683
figures/node_modules/d3-selection/dist,2,41359
figures/node_modules/d3-selection/src,18,5968
figures/node_modules/d3-selection/src/selection,36,24705
figures/node_modules/d3-shape,3,97315
figures/node_modules/d3-shape/dist,2,88105
figures/node_modules/d3-shape/src,19,27542
figures/node_modules/d3-shape/src/curve,17,26211
figures/node_modules/d3-shape/src/offset,5,2122
figures/node_modules/d3-shape/src/order,6,1500
figures/node_modules/d3-shape/src/symbol,13,4472
figures/node_modules/d3-time,3,30335
figures/node_modules/d3-time-format,3,15944
figures/node_modules/d3-time-format/dist,2,30540
figures/node_modules/d3-time-format/locale,34,18784
figures/node_modules/d3-time-format/src,5,20335
figures/node_modules/d3-time/dist,2,19877
figures/node_modules/d3-time/src,12,14271
figures/node_modules/d3-timer,3,8384
figures/node_modules/d3-timer/dist,2,6165
figures/node_modules/d3-timer/src,4,3856
figures/node_modules/d3-transition,3,44519
figures/node_modules/d3-transition/dist,2,37893
figures/node_modules/d3-transition/src,3,1358
figures/node_modules/d3-transition/src/selection,3,1485
figures/node_modules/d3-transition/src/transition,23,25270
figures/node_modules/d3-zoom,3,40628
figures/node_modules/d3-zoom/dist,2,28382
figures/node_modules/d3-zoom/src,6,17868
figures/node_modules/d3/dist,2,866749
figures/node_modules/d3/src,1,820
figures/node_modules/data-urls,3,5688
figures/node_modules/data-urls/lib,2,2146
figures/node_modules/debug,3,24733
figures/node_modules/debug/src,4,18060
figures/node_modules/decimal.js,6,284347
figures/node_modules/delaunator,7,66939
figures/node_modules/delayed-stream,5,5702
figures/node_modules/delayed-stream/lib,1,2319
figures/node_modules/dunder-proto,11,9531
figures/node_modules/dunder-proto/.github,1,583
figures/node_modules/dunder-proto/test,3,2889
figures/node_modules/entities,7,10339
figures/node_modules/entities/dist/commonjs,21,78535
figures/node_modules/entities/dist/commonjs/generated,12,125491
figures/node_modules/entities/dist/esm,21,73880
figures/node_modules/entities/dist/esm/generated,12,125283
figures/node_modules/entities/src,9,54666
figures/node_modules/entities/src/generated,4,72357
figures/node_modules/es-define-property,9,8354
figures/node_modules/es-define-property/.github,1,564
figures/node_modules/es-define-property/test,1,1299
figures/node_modules/es-errors,20,11413
figures/node_modules/es-errors/.github,1,555
figures/node_modules/es-errors/test,1,356
figures/node_modules/es-object-atoms,14,9790
figures/node_modules/es-object-atoms/.github,1,555
figures/node_modules/es-object-atoms/test,1,1097
figures/node_modules/es-set-tostringtag,9,12309
figures/node_modules/es-set-tostringtag/test,1,2235
figures/node_modules/form-data,5,66285
figures/node_modules/form-data/lib,3,14926
figures/node_modules/function-bind,8,21519
figures/node_modules/function-bind/.github,2,741
figures/node_modules/function-bind/test,2,9167
figures/node_modules/get-intrinsic,7,37200
figures/node_modules/get-intrinsic/.github,1,584
figures/node_modules/get-intrinsic/test,1,8758
figures/node_modules/get-proto,13,7901
figures/node_modules/get-proto/.github,1,580
figures/node_modules/get-proto/test,1,2359
figures/node_modules/gopd,10,8638
figures/node_modules/gopd/.github,1,575
figures/node_modules/gopd/test,1,656
figures/node_modules/has-symbols,11,18477
figures/node_modules/has-symbols/.github,1,582
figures/node_modules/has-symbols/test,2,2793
figures/node_modules/has-symbols/test/shams,2,1557
figures/node_modules/has-tostringtag,11,14043
figures/node_modules/has-tostringtag/.github,1,586
figures/node_modules/has-tostringtag/test,2,1211
figures/node_modules/has-tostringtag/test/shams,2,1763
figures/node_modules/hasown,9,8213
figures/node_modules/hasown/.github,1,552
figures/node_modules/html-encoding-sniffer,3,3927
figures/node_modules/html-encoding-sniffer/lib,1,7735
figures/node_modules/http-proxy-agent,3,3551
figures/node_modules/http-proxy-agent/dist,4,13709
figures/node_modules/https-proxy-agent,3,4496
figures/node_modules/https-proxy-agent/dist,8,23210
figures/node_modules/iconv-lite,4,15128
figures/node_modules/iconv-lite/.github,1,321
figures/node_modules/iconv-lite/.idea,3,910
figures/node_modules/iconv-lite/.idea/codeStyles,2,2283
figures/node_modules/iconv-lite/.idea/inspectionProfiles,1,251
figures/node_modules/iconv-lite/encodings,10,103604
figures/node_modules/iconv-lite/encodings/tables,8,213824
figures/node_modules/iconv-lite/lib,4,12197
figures/node_modules/internmap,3,5455
figures/node_modules/internmap/dist,2,3440
figures/node_modules/internmap/src,1,1575
figures/node_modules/is-potential-custom-element-name,4,3918
figures/node_modules/jsdom,3,36895
figures/node_modules/jsdom/lib,1,10600
figures/node_modules/jsdom/lib/jsdom,3,8102
figures/node_modules/jsdom/lib/jsdom/browser,4,53243
figures/node_modules/jsdom/lib/jsdom/browser/parser,3,15154
figures/node_modules/jsdom/lib/jsdom/browser/resources,6,13015
figures/node_modules/jsdom/lib/jsdom/level2,1,2274
figures/node_modules/jsdom/lib/jsdom/level3,1,70483
figures/node_modules/jsdom/lib/jsdom/living,7,34162
figures/node_modules/jsdom/lib/jsdom/living/aborting,2,2469
figures/node_modules/jsdom/lib/jsdom/living/attributes,2,3881
figures/node_modules/jsdom/lib/jsdom/living/constraint-validation,2,4015
figures/node_modules/jsdom/lib/jsdom/living/crypto,1,2117
figures/node_modules/jsdom/lib/jsdom/living/cssom,1,667
figures/node_modules/jsdom/lib/jsdom/living/custom-elements,2,9044
figures/node_modules/jsdom/lib/jsdom/living/domparsing,5,6306
figures/node_modules/jsdom/lib/jsdom/living/events,21,29566
figures/node_modules/jsdom/lib/jsdom/living/fetch,3,7199
figures/node_modules/jsdom/lib/jsdom/living/file-api,4,6791
figures/node_modules/jsdom/lib/jsdom/living/generated,221,2234323
figures/node_modules/jsdom/lib/jsdom/living/geometry,2,2428
figures/node_modules/jsdom/lib/jsdom/living/helpers,32,118930
figures/node_modules/jsdom/lib/jsdom/living/helpers/svg,2,2947
figures/node_modules/jsdom/lib/jsdom/living/hr-time,1,519
figures/node_modules/jsdom/lib/jsdom/living/mutation-observer,2,4568
figures/node_modules/jsdom/lib/jsdom/living/navigator,11,3351
figures/node_modules/jsdom/lib/jsdom/living/nodes,109,281039
figures/node_modules/jsdom/lib/jsdom/living/range,4,30109
figures/node_modules/jsdom/lib/jsdom/living/selection,1,10898
figures/node_modules/jsdom/lib/jsdom/living/svg,4,7955
figures/node_modules/jsdom/lib/jsdom/living/traversal,3,8613
figures/node_modules/jsdom/lib/jsdom/living/webidl,1,1094
figures/node_modules/jsdom/lib/jsdom/living/websockets,1,10412
figures/node_modules/jsdom/lib/jsdom/living/webstorage,1,2656
figures/node_modules/jsdom/lib/jsdom/living/window,7,20508
figures/node_modules/jsdom/lib/jsdom/living/xhr,6,54846
figures/node_modules/lru-cache,3,14709
figures/node_modules/lru-cache/dist/commonjs,7,394917
figures/node_modules/lru-cache/dist/esm,7,394675
figures/node_modules/math-intrinsics,30,9685
figures/node_modules/math-intrinsics/.github,1,561
figures/node_modules/math-intrinsics/constants,6,757
figures/node_modules/math-intrinsics/test,1,6320
figures/node_modules/mime-db,6,205539
figures/node_modules/mime-types,5,18272
figures/node_modules/ms,4,6721
figures/node_modules/nwsapi,3,7407
figures/node_modules/nwsapi/dist,1,0
figures/node_modules/nwsapi/src,1,72088
figures/node_modules/nwsapi/src/modules,2,7049
figures/node_modules/parse5,3,3390
figures/node_modules/parse5/dist,2,4663
figures/node_modules/parse5/dist/cjs,3,5866
figures/node_modules/parse5/dist/cjs/common,12,54498
figures/node_modules/parse5/dist/cjs/parser,6,145390
figures/node_modules/parse5/dist/cjs/serializer,2,7808
figures/node_modules/parse5/dist/cjs/tokenizer,4,127410
figures/node_modules/parse5/dist/cjs/tree-adapters,4,17943
figures/node_modules/parse5/dist/common,12,51954
figures/node_modules/parse5/dist/parser,6,134374
figures/node_modules/parse5/dist/serializer,2,7216
figures/node_modules/parse5/dist/tokenizer,4,117680
figures/node_modules/parse5/dist/tree-adapters,4,17681
figures/node_modules/punycode,5,33514
figures/node_modules/robust-predicates,5,8673
figures/node_modules/robust-predicates/esm,5,72938
figures/node_modules/robust-predicates/umd,10,211910
figures/node_modules/rrweb-cssom,3,3963
figures/node_modules/rrweb-cssom/build,1,44892
figures/node_modules/rrweb-cssom/lib,25,52712
figures/node_modules/rw,6,9984
figures/node_modules/rw/lib/rw,7,4787
figures/node_modules/rw/test,14,9381
figures/node_modules/safer-buffer,7,42299
figures/node_modules/saxes,5,163774
figures/node_modules/symbol-tree,3,23412
figures/node_modules/symbol-tree/lib,4,33661
figures/node_modules/tldts,4,16517
figures/node_modules/tldts-core,4,3593
figures/node_modules/tldts-core/dist/cjs,3,86820
figures/node_modules/tldts-core/dist/cjs/src,16,33428
figures/node_modules/tldts-core/dist/cjs/src/lookup,4,4845
figures/node_modules/tldts-core/dist/es6,3,31837
figures/node_modules/tldts-core/dist/es6/src,16,32491
figures/node_modules/tldts-core/dist/es6/src/lookup,4,4678
figures/node_modules/tldts-core/dist/types,1,289
figures/node_modules/tldts-core/dist/types/src,8,3003
figures/node_modules/tldts-core/dist/types/src/lookup,2,407
figures/node_modules/tldts-core/src,8,18948
figures/node_modules/tldts-core/src/lookup,2,2339
figures/node_modules/tldts/bin,1,549
figures/node_modules/tldts/dist,6,1471110
figures/node_modules/tldts/dist/cjs,3,600405
figures/node_modules/tldts/dist/cjs/src,2,4700
figures/node_modules/tldts/dist/cjs/src/data,2,357698
figures/node_modules/tldts/dist/es6,3,33976
figures/node_modules/tldts/dist/es6/src,2,4643
figures/node_modules/tldts/dist/es6/src/data,2,357603
figures/node_modules/tldts/dist/types,1,614
figures/node_modules/tldts/dist/types/src,1,247
figures/node_modules/tldts/dist/types/src/data,1,141
figures/node_modules/tldts/src,1,2545
figures/node_modules/tldts/src/data,1,126563
figures/node_modules/tough-cookie,3,11660
figures/node_modules/tough-cookie/dist,16,53321
figures/node_modules/tough-cookie/dist/cookie,22,162743
figures/node_modules/tr46,4,12863
figures/node_modules/tr46/lib,3,213039
figures/node_modules/w3c-xmlserializer,3,3392
figures/node_modules/w3c-xmlserializer/lib,3,14581
figures/node_modules/webidl-conversions,3,11517
figures/node_modules/webidl-conversions/lib,1,12725
figures/node_modules/whatwg-encoding,3,4790
figures/node_modules/whatwg-encoding/lib,3,8549
figures/node_modules/whatwg-mimetype,3,7605
figures/node_modules/whatwg-mimetype/lib,5,9116
figures/node_modules/whatwg-url,5,10940
figures/node_modules/whatwg-url/lib,12,87618
figures/node_modules/ws,6,19768
figures/node_modules/ws/lib,13,128772
figures/node_modules/xml-name-validator,3,11871
figures/node_modules/xml-name-validator/lib,1,1703
figures/node_modules/xmlchars,6,23847
figures/node_modules/xmlchars/xml/1.0,6,19398
figures/node_modules/xmlchars/xml/1.1,3,10797
figures/node_modules/xmlchars/xmlns/1.0,3,4915
figures/out,16,387331
figures/src,8,31901
kernels,1,7453
kernels/gemm_sp_e4m3,135,3186889
kernels/gemm_sp_f16,52,1513933
paper,3,301604
ralph-loop-request-data,9,24538
ralph-loop-request-data/__pycache__,1,550
ralph-loop-request-data/s1,34,54314
ralph-loop-request-data/s1/__pycache__,22,47150
ralph-loop-request-data/s3,10,440663
scripts,3,36517
tuning,36,741439
tuning/__pycache__,4,73492
tuning/best_suite,10,226894
tuning/best_suite/__pycache__,1,12168
tuning/checkpoints,188,81442
tuning/combo_logs/e4m3,1,109497
tuning/combo_logs/f16,1,106307
tuning/combo_srcs/e4m3,65,1560237
tuning/combo_srcs/f16,65,1979359
tuning/exhaust_srcs/e4m3,1,24015
tuning/exhaust_srcs/f16,1,30449
tuning/f16_remeasure,1,136214
tuning/f16_remeasure/half0,2,142634
tuning/f16_remeasure/half1,2,142742
tuning/kernel_bank,12,163812
tuning/kernel_bank/__pycache__,1,10986
tuning/kernel_bank/e4m3/1024x1024x1024,4,2402825
tuning/kernel_bank/e4m3/1024x1024x4096,4,2402813
tuning/kernel_bank/e4m3/1024x1024x8192,4,2402816
tuning/kernel_bank/e4m3/1024x4096x1024,4,2379500
tuning/kernel_bank/e4m3/1024x4096x4096,4,2379498
tuning/kernel_bank/e4m3/1024x8192x1024,4,2402827
tuning/kernel_bank/e4m3/1024x8192x8192,4,2379545
tuning/kernel_bank/e4m3/12288x12288x12288,4,2379566
tuning/kernel_bank/e4m3/12288x12288x4096,4,2379512
tuning/kernel_bank/e4m3/12288x12288x8192,4,2379505
tuning/kernel_bank/e4m3/12288x4096x12288,4,2379507
tuning/kernel_bank/e4m3/12288x4096x4096,4,2379505
tuning/kernel_bank/e4m3/12288x8192x12288,4,2379600
tuning/kernel_bank/e4m3/12288x8192x8192,4,2379504
tuning/kernel_bank/e4m3/128x4096x4096,4,2379493
tuning/kernel_bank/e4m3/128x8192x8192,4,2379493
tuning/kernel_bank/e4m3/16384x16384x16384,4,2379517
tuning/kernel_bank/e4m3/16384x16384x4096,4,2379511
tuning/kernel_bank/e4m3/16384x16384x8192,4,2379506
tuning/kernel_bank/e4m3/16384x4096x16384,4,2379523
tuning/kernel_bank/e4m3/16384x4096x4096,4,2379499
tuning/kernel_bank/e4m3/16384x8192x16384,4,2379559
tuning/kernel_bank/e4m3/16384x8192x8192,4,2379498
tuning/kernel_bank/e4m3/2048x2048x2048,4,2379491
tuning/kernel_bank/e4m3/2048x2048x4096,4,2379507
tuning/kernel_bank/e4m3/2048x2048x8192,4,2379492
tuning/kernel_bank/e4m3/2048x4096x2048,4,2379491
tuning/kernel_bank/e4m3/2048x4096x4096,4,2379493
tuning/kernel_bank/e4m3/2048x8192x2048,4,2379492
tuning/kernel_bank/e4m3/2048x8192x8192,4,2379493
tuning/kernel_bank/e4m3/256x256x256,4,2379467
tuning/kernel_bank/e4m3/256x256x4096,4,2379476
tuning/kernel_bank/e4m3/256x256x8192,4,2379476
tuning/kernel_bank/e4m3/256x4096x256,4,2380009
tuning/kernel_bank/e4m3/256x4096x4096,4,2379491
tuning/kernel_bank/e4m3/256x8192x256,4,2379477
tuning/kernel_bank/e4m3/256x8192x8192,4,2379493
tuning/kernel_bank/e4m3/3072x3072x3072,4,2379492
tuning/kernel_bank/e4m3/3072x3072x4096,4,2379546
tuning/kernel_bank/e4m3/3072x3072x8192,4,2379496
tuning/kernel_bank/e4m3/3072x4096x3072,4,2379493
tuning/kernel_bank/e4m3/3072x8192x3072,4,2379492
tuning/kernel_bank/e4m3/3072x8192x8192,4,2379493
tuning/kernel_bank/e4m3/384x8192x8192,4,2379493
tuning/kernel_bank/e4m3/4096x1024x1024,4,2379499
tuning/kernel_bank/e4m3/4096x1024x4096,4,2379491
tuning/kernel_bank/e4m3/4096x1024x8192,4,2379256
tuning/kernel_bank/e4m3/4096x12288x12288,4,2379507
tuning/kernel_bank/e4m3/4096x12288x4096,4,2379521
tuning/kernel_bank/e4m3/4096x12288x8192,4,2379552
tuning/kernel_bank/e4m3/4096x16384x16384,4,2379507
tuning/kernel_bank/e4m3/4096x16384x4096,4,2379515
tuning/kernel_bank/e4m3/4096x16384x8192,4,2379658
tuning/kernel_bank/e4m3/4096x2048x2048,4,2379492
tuning/kernel_bank/e4m3/4096x2048x4096,4,2379491
tuning/kernel_bank/e4m3/4096x2048x8192,4,2379544
tuning/kernel_bank/e4m3/4096x256x256,4,2379477
tuning/kernel_bank/e4m3/4096x256x4096,4,2379485
tuning/kernel_bank/e4m3/4096x256x8192,4,2379485
tuning/kernel_bank/e4m3/4096x3072x3072,4,2379544
tuning/kernel_bank/e4m3/4096x3072x8192,4,2379650
tuning/kernel_bank/e4m3/4096x32768x4096,4,2379592
tuning/kernel_bank/e4m3/4096x32768x8192,4,2379592
tuning/kernel_bank/e4m3/4096x4096x1024,4,2403121
tuning/kernel_bank/e4m3/4096x4096x12288,4,2379552
tuning/kernel_bank/e4m3/4096x4096x128,4,2379485
tuning/kernel_bank/e4m3/4096x4096x16384,4,2379500
tuning/kernel_bank/e4m3/4096x4096x2048,4,2379491
tuning/kernel_bank/e4m3/4096x4096x256,4,2379484
tuning/kernel_bank/e4m3/4096x4096x4096,4,2379493
tuning/kernel_bank/e4m3/4096x4096x512,4,2379486
tuning/kernel_bank/e4m3/4096x4096x6144,4,2379508
tuning/kernel_bank/e4m3/4096x4096x8192,4,2379545
tuning/kernel_bank/e4m3/4096x512x4096,4,2379484
tuning/kernel_bank/e4m3/4096x512x512,4,2379478
tuning/kernel_bank/e4m3/4096x512x8192,4,2379484
tuning/kernel_bank/e4m3/4096x6144x4096,4,2379493
tuning/kernel_bank/e4m3/4096x6144x6144,4,2379493
tuning/kernel_bank/e4m3/4096x6144x8192,4,2379546
tuning/kernel_bank/e4m3/4096x8192x1024,4,2381400
tuning/kernel_bank/e4m3/4096x8192x12288,4,2379552
tuning/kernel_bank/e4m3/4096x8192x128,4,2379485
tuning/kernel_bank/e4m3/4096x8192x16384,4,2379553
tuning/kernel_bank/e4m3/4096x8192x2048,4,2379493
tuning/kernel_bank/e4m3/4096x8192x256,4,2379484
tuning/kernel_bank/e4m3/4096x8192x32768,4,2379516
tuning/kernel_bank/e4m3/4096x8192x4096,4,2379492
tuning/kernel_bank/e4m3/4096x8192x512,4,2379485
tuning/kernel_bank/e4m3/4096x8192x6144,4,2379510
tuning/kernel_bank/e4m3/4096x8192x8192,4,2379545
tuning/kernel_bank/e4m3/512x4096x4096,4,2379492
tuning/kernel_bank/e4m3/512x4096x512,4,2379486
tuning/kernel_bank/e4m3/512x512x4096,4,2379479
tuning/kernel_bank/e4m3/512x512x512,4,2379471
tuning/kernel_bank/e4m3/512x512x8192,4,2379479
tuning/kernel_bank/e4m3/512x8192x512,4,2379486
tuning/kernel_bank/e4m3/512x8192x8192,4,2379492
tuning/kernel_bank/e4m3/6144x4096x4096,4,2379461
tuning/kernel_bank/e4m3/6144x4096x6144,4,2379493
tuning/kernel_bank/e4m3/6144x6144x4096,4,2379493
tuning/kernel_bank/e4m3/6144x6144x6144,4,2379498
tuning/kernel_bank/e4m3/6144x6144x8192,4,2379493
tuning/kernel_bank/e4m3/6144x8192x6144,4,2379499
tuning/kernel_bank/e4m3/6144x8192x8192,4,2379492
tuning/kernel_bank/e4m3/768x768x768,4,2379469
tuning/kernel_bank/e4m3/768x8192x8192,4,2379502
tuning/kernel_bank/e4m3/8192x1024x1024,4,2402807
tuning/kernel_bank/e4m3/8192x1024x8192,4,2379513
tuning/kernel_bank/e4m3/8192x12288x12288,4,2379600
tuning/kernel_bank/e4m3/8192x12288x8192,4,2379506
tuning/kernel_bank/e4m3/8192x16384x16384,4,2379652
tuning/kernel_bank/e4m3/8192x16384x8192,4,2379500
tuning/kernel_bank/e4m3/8192x2048x2048,4,2381400
tuning/kernel_bank/e4m3/8192x2048x8192,4,2379545
tuning/kernel_bank/e4m3/8192x256x256,4,2380009
tuning/kernel_bank/e4m3/8192x256x8192,4,2379507
tuning/kernel_bank/e4m3/8192x3072x3072,4,2379492
tuning/kernel_bank/e4m3/8192x32768x8192,4,2379552
tuning/kernel_bank/e4m3/8192x4096x4096,4,2379493
tuning/kernel_bank/e4m3/8192x4096x8192,4,2379545
tuning/kernel_bank/e4m3/8192x512x512,4,2379479
tuning/kernel_bank/e4m3/8192x512x8192,4,2379485
tuning/kernel_bank/e4m3/8192x6144x6144,4,2379493
tuning/kernel_bank/e4m3/8192x6144x8192,4,2379492
tuning/kernel_bank/e4m3/8192x8192x1024,4,2379492
tuning/kernel_bank/e4m3/8192x8192x12288,4,2379552
tuning/kernel_bank/e4m3/8192x8192x128,4,2379484
tuning/kernel_bank/e4m3/8192x8192x16384,4,2379552
tuning/kernel_bank/e4m3/8192x8192x2048,4,2379492
tuning/kernel_bank/e4m3/8192x8192x256,4,2380016
tuning/kernel_bank/e4m3/8192x8192x4096,4,2379493
tuning/kernel_bank/e4m3/8192x8192x512,4,2379484
tuning/kernel_bank/e4m3/8192x8192x6144,4,2379496
tuning/kernel_bank/e4m3/8192x8192x8192,4,2379493
tuning/kernel_bank/f16/16384x16384x16384,4,2392027
tuning/kernel_bank/f16/16384x4096x16384,4,2392003
tuning/kernel_bank/f16/16384x8192x16384,4,2392003
tuning/kernel_bank/f16/4096x12288x12288,4,2392878
tuning/kernel_bank/f16/4096x16384x16384,4,2392618
tuning/kernel_bank/f16/4096x4096x12288,4,2391977
tuning/kernel_bank/f16/4096x4096x16384,4,2391978
tuning/kernel_bank/f16/4096x8192x12288,4,2391978
tuning/kernel_bank/f16/4096x8192x16384,4,2391980
tuning/kernel_bank/f16/8192x16384x16384,4,2392003
tuning/kernel_bank/f16/8192x8192x16384,4,2391979
tuning/logs,1,0
tuning/logs/e4m3_1024x1024x1024,2,480
tuning/logs/e4m3_1024x1024x4096,2,482
tuning/logs/e4m3_1024x1024x8192,2,3463
tuning/logs/e4m3_1024x4096x1024,2,482
tuning/logs/e4m3_1024x4096x4096,2,660
tuning/logs/e4m3_1024x8192x1024,2,660
tuning/logs/e4m3_1024x8192x8192,2,1158
tuning/logs/e4m3_12288x12288x12288,2,3586
tuning/logs/e4m3_12288x12288x4096,2,490
tuning/logs/e4m3_12288x12288x8192,2,858
tuning/logs/e4m3_12288x4096x12288,2,1840
tuning/logs/e4m3_12288x4096x4096,2,576
tuning/logs/e4m3_12288x8192x12288,2,954
tuning/logs/e4m3_12288x8192x8192,2,486
tuning/logs/e4m3_128x4096x4096,2,476
tuning/logs/e4m3_128x8192x8192,2,478
tuning/logs/e4m3_16384x16384x16384,2,2817
tuning/logs/e4m3_16384x16384x4096,2,1171
tuning/logs/e4m3_16384x16384x8192,2,490
tuning/logs/e4m3_16384x4096x16384,2,490
tuning/logs/e4m3_16384x4096x4096,2,486
tuning/logs/e4m3_16384x8192x16384,2,490
tuning/logs/e4m3_16384x8192x8192,2,3497
tuning/logs/e4m3_2048x2048x2048,2,482
tuning/logs/e4m3_2048x2048x4096,2,482
tuning/logs/e4m3_2048x2048x8192,2,482
tuning/logs/e4m3_2048x4096x2048,2,929
tuning/logs/e4m3_2048x4096x4096,2,482
tuning/logs/e4m3_2048x8192x2048,2,929
tuning/logs/e4m3_2048x8192x8192,3,1016
tuning/logs/e4m3_256x256x256,2,464
tuning/logs/e4m3_256x256x4096,2,470
tuning/logs/e4m3_256x256x8192,2,555
tuning/logs/e4m3_256x4096x256,2,727
tuning/logs/e4m3_256x4096x4096,2,566
tuning/logs/e4m3_256x8192x256,2,727
tuning/logs/e4m3_256x8192x8192,2,1138
tuning/logs/e4m3_3072x3072x3072,2,931
tuning/logs/e4m3_3072x3072x4096,2,2346
tuning/logs/e4m3_3072x3072x8192,2,664
tuning/logs/e4m3_3072x4096x3072,2,573
tuning/logs/e4m3_3072x8192x3072,2,484
tuning/logs/e4m3_3072x8192x8192,3,7463
tuning/logs/e4m3_384x8192x8192,2,478
tuning/logs/e4m3_4096x1024x1024,2,482
tuning/logs/e4m3_4096x1024x4096,2,1265
tuning/logs/e4m3_4096x1024x8192,2,3464
tuning/logs/e4m3_4096x12288x12288,2,1299
tuning/logs/e4m3_4096x12288x4096,2,670
tuning/logs/e4m3_4096x12288x8192,2,488
tuning/logs/e4m3_4096x16384x16384,2,770
tuning/logs/e4m3_4096x16384x4096,2,1169
tuning/logs/e4m3_4096x16384x8192,2,1169
tuning/logs/e4m3_4096x2048x2048,2,482
tuning/logs/e4m3_4096x2048x4096,2,482
tuning/logs/e4m3_4096x2048x8192,2,484
tuning/logs/e4m3_4096x256x256,2,1531
tuning/logs/e4m3_4096x256x4096,2,478
tuning/logs/e4m3_4096x256x8192,2,478
tuning/logs/e4m3_4096x3072x3072,2,484
tuning/logs/e4m3_4096x3072x8192,2,484
tuning/logs/e4m3_4096x32768x4096,2,488
tuning/logs/e4m3_4096x32768x8192,2,670
tuning/logs/e4m3_4096x4096x1024,2,929
tuning/logs/e4m3_4096x4096x12288,2,488
tuning/logs/e4m3_4096x4096x128,2,476
tuning/logs/e4m3_4096x4096x16384,2,2370
tuning/logs/e4m3_4096x4096x2048,2,1265
tuning/logs/e4m3_4096x4096x256,2,476
tuning/logs/e4m3_4096x4096x4096,2,484
tuning/logs/e4m3_4096x4096x512,2,478
tuning/logs/e4m3_4096x4096x6144,2,484
tuning/logs/e4m3_4096x4096x8192,2,1275
tuning/logs/e4m3_4096x512x4096,2,478
tuning/logs/e4m3_4096x512x512,2,472
tuning/logs/e4m3_4096x512x8192,2,478
tuning/logs/e4m3_4096x6144x4096,2,484
tuning/logs/e4m3_4096x6144x6144,2,484
tuning/logs/e4m3_4096x6144x8192,2,574
tuning/logs/e4m3_4096x8192x1024,2,482
tuning/logs/e4m3_4096x8192x12288,2,488
tuning/logs/e4m3_4096x8192x128,2,1656
tuning/logs/e4m3_4096x8192x16384,2,488
tuning/logs/e4m3_4096x8192x2048,2,929
tuning/logs/e4m3_4096x8192x256,2,739
tuning/logs/e4m3_4096x8192x32768,2,1505
tuning/logs/e4m3_4096x8192x4096,2,484
tuning/logs/e4m3_4096x8192x512,2,478
tuning/logs/e4m3_4096x8192x6144,2,2006
tuning/logs/e4m3_4096x8192x8192,3,415
tuning/logs/e4m3_512x4096x4096,2,478
tuning/logs/e4m3_512x4096x512,2,644
tuning/logs/e4m3_512x512x4096,2,470
tuning/logs/e4m3_512x512x512,2,550
tuning/logs/e4m3_512x512x8192,2,472
tuning/logs/e4m3_512x8192x512,2,472
tuning/logs/e4m3_512x8192x8192,2,478
tuning/logs/e4m3_6144x4096x4096,2,664
tuning/logs/e4m3_6144x4096x6144,2,484
tuning/logs/e4m3_6144x6144x4096,2,1047
tuning/logs/e4m3_6144x6144x6144,2,484
tuning/logs/e4m3_6144x6144x8192,2,756
tuning/logs/e4m3_6144x8192x6144,2,664
tuning/logs/e4m3_6144x8192x8192,2,484
tuning/logs/e4m3_768x768x768,2,466
tuning/logs/e4m3_768x8192x8192,2,1147
tuning/logs/e4m3_8192x1024x1024,2,482
tuning/logs/e4m3_8192x1024x8192,2,482
tuning/logs/e4m3_8192x12288x12288,2,492
tuning/logs/e4m3_8192x12288x8192,2,1400
tuning/logs/e4m3_8192x16384x16384,2,676
tuning/logs/e4m3_8192x16384x8192,2,763
tuning/logs/e4m3_8192x2048x2048,2,482
tuning/logs/e4m3_8192x2048x8192,2,484
tuning/logs/e4m3_8192x256x256,2,555
tuning/logs/e4m3_8192x256x8192,2,834
tuning/logs/e4m3_8192x3072x3072,2,484
tuning/logs/e4m3_8192x32768x8192,2,488
tuning/logs/e4m3_8192x4096x4096,2,664
tuning/logs/e4m3_8192x4096x8192,2,936
tuning/logs/e4m3_8192x512x512,2,472
tuning/logs/e4m3_8192x512x8192,2,920
tuning/logs/e4m3_8192x6144x6144,2,664
tuning/logs/e4m3_8192x6144x8192,2,1387
tuning/logs/e4m3_8192x8192x1024,2,1479
tuning/logs/e4m3_8192x8192x12288,2,3527
tuning/logs/e4m3_8192x8192x128,2,650
tuning/logs/e4m3_8192x8192x16384,2,1925
tuning/logs/e4m3_8192x8192x2048,2,930
tuning/logs/e4m3_8192x8192x256,2,739
tuning/logs/e4m3_8192x8192x4096,2,484
tuning/logs/e4m3_8192x8192x512,2,1138
tuning/logs/e4m3_8192x8192x6144,2,484
tuning/logs/e4m3_8192x8192x8192,2,484
tuning/logs/f16_1024x1024x1024,2,318
tuning/logs/f16_1024x1024x4096,2,318
tuning/logs/f16_1024x1024x8192,2,318
tuning/logs/f16_1024x4096x1024,2,318
tuning/logs/f16_1024x4096x4096,2,318
tuning/logs/f16_1024x8192x1024,2,318
tuning/logs/f16_1024x8192x8192,2,4146
tuning/logs/f16_12288x12288x12288,2,494
tuning/logs/f16_12288x12288x4096,2,490
tuning/logs/f16_12288x12288x8192,2,766
tuning/logs/f16_12288x4096x12288,2,490
tuning/logs/f16_12288x4096x4096,2,320
tuning/logs/f16_12288x8192x12288,2,490
tuning/logs/f16_12288x8192x8192,2,759
tuning/logs/f16_128x4096x4096,2,316
tuning/logs/f16_128x8192x8192,3,16770
tuning/logs/f16_16384x16384x16384,2,496
tuning/logs/f16_16384x16384x4096,2,674
tuning/logs/f16_16384x16384x8192,2,674
tuning/logs/f16_16384x4096x16384,2,674
tuning/logs/f16_16384x4096x4096,2,320
tuning/logs/f16_16384x8192x16384,2,860
tuning/logs/f16_16384x8192x8192,2,486
tuning/logs/f16_2048x2048x2048,2,318
tuning/logs/f16_2048x2048x4096,2,318
tuning/logs/f16_2048x2048x8192,2,318
tuning/logs/f16_2048x4096x2048,2,318
tuning/logs/f16_2048x4096x4096,2,318
tuning/logs/f16_2048x8192x2048,2,318
tuning/logs/f16_2048x8192x8192,3,5607
tuning/logs/f16_256x256x256,2,312
tuning/logs/f16_256x256x4096,3,16680
tuning/logs/f16_256x256x8192,3,17226
tuning/logs/f16_256x4096x256,3,19929
tuning/logs/f16_256x4096x4096,2,316
tuning/logs/f16_256x8192x256,2,314
tuning/logs/f16_256x8192x8192,2,316
tuning/logs/f16_3072x3072x3072,2,318
tuning/logs/f16_3072x3072x4096,2,318
tuning/logs/f16_3072x3072x8192,2,318
tuning/logs/f16_3072x4096x3072,2,318
tuning/logs/f16_3072x8192x3072,2,318
tuning/logs/f16_3072x8192x8192,3,14383
tuning/logs/f16_384x8192x8192,2,316
tuning/logs/f16_4096x1024x1024,2,318
tuning/logs/f16_4096x1024x4096,2,318
tuning/logs/f16_4096x1024x8192,2,318
tuning/logs/f16_4096x12288x12288,2,582
tuning/logs/f16_4096x12288x4096,2,320
tuning/logs/f16_4096x12288x8192,2,484
tuning/logs/f16_4096x16384x16384,2,3804
tuning/logs/f16_4096x16384x4096,2,320
tuning/logs/f16_4096x16384x8192,2,484
tuning/logs/f16_4096x2048x2048,2,318
tuning/logs/f16_4096x2048x4096,2,318
tuning/logs/f16_4096x2048x8192,2,318
tuning/logs/f16_4096x256x256,2,314
tuning/logs/f16_4096x256x4096,2,316
tuning/logs/f16_4096x256x8192,2,316
tuning/logs/f16_4096x3072x3072,2,318
tuning/logs/f16_4096x3072x8192,2,318
tuning/logs/f16_4096x32768x4096,2,320
tuning/logs/f16_4096x32768x8192,2,486
tuning/logs/f16_4096x4096x1024,2,318
tuning/logs/f16_4096x4096x12288,2,482
tuning/logs/f16_4096x4096x128,2,316
tuning/logs/f16_4096x4096x16384,2,482
tuning/logs/f16_4096x4096x2048,2,318
tuning/logs/f16_4096x4096x256,2,316
tuning/logs/f16_4096x4096x4096,2,6238
tuning/logs/f16_4096x4096x512,2,316
tuning/logs/f16_4096x4096x6144,2,318
tuning/logs/f16_4096x4096x8192,2,6313
tuning/logs/f16_4096x512x4096,2,316
tuning/logs/f16_4096x512x512,2,314
tuning/logs/f16_4096x512x8192,2,316
tuning/logs/f16_4096x6144x4096,2,318
tuning/logs/f16_4096x6144x6144,2,318
tuning/logs/f16_4096x6144x8192,3,5481
tuning/logs/f16_4096x8192x1024,2,318
tuning/logs/f16_4096x8192x12288,2,2655
tuning/logs/f16_4096x8192x128,2,316
tuning/logs/f16_4096x8192x16384,2,484
tuning/logs/f16_4096x8192x2048,2,318
tuning/logs/f16_4096x8192x256,2,316
tuning/logs/f16_4096x8192x32768,2,668
tuning/logs/f16_4096x8192x4096,2,2521
tuning/logs/f16_4096x8192x512,2,316
tuning/logs/f16_4096x8192x6144,2,2368
tuning/logs/f16_4096x8192x8192,3,10708
tuning/logs/f16_512x4096x4096,2,316
tuning/logs/f16_512x4096x512,2,314
tuning/logs/f16_512x512x4096,2,314
tuning/logs/f16_512x512x512,2,312
tuning/logs/f16_512x512x8192,2,314
tuning/logs/f16_512x8192x512,2,314
tuning/logs/f16_512x8192x8192,2,5108
tuning/logs/f16_6144x4096x4096,2,318
tuning/logs/f16_6144x4096x6144,2,318
tuning/logs/f16_6144x6144x4096,2,318
tuning/logs/f16_6144x6144x6144,2,318
tuning/logs/f16_6144x6144x8192,2,2604
tuning/logs/f16_6144x8192x6144,2,566
tuning/logs/f16_6144x8192x8192,3,13880
tuning/logs/f16_768x768x768,2,1185
tuning/logs/f16_768x768x768_fs,2,55958
tuning/logs/f16_768x8192x8192,2,316
tuning/logs/f16_8192x1024x1024,2,318
tuning/logs/f16_8192x1024x8192,2,318
tuning/logs/f16_8192x12288x12288,2,2483
tuning/logs/f16_8192x12288x8192,2,3493
tuning/logs/f16_8192x16384x16384,2,674
tuning/logs/f16_8192x16384x8192,2,577
tuning/logs/f16_8192x2048x2048,2,318
tuning/logs/f16_8192x2048x8192,2,318
tuning/logs/f16_8192x256x256,2,314
tuning/logs/f16_8192x256x8192,2,316
tuning/logs/f16_8192x3072x3072,2,318
tuning/logs/f16_8192x32768x8192,2,486
tuning/logs/f16_8192x4096x4096,2,318
tuning/logs/f16_8192x4096x8192,2,478
tuning/logs/f16_8192x512x512,2,314
tuning/logs/f16_8192x512x8192,2,316
tuning/logs/f16_8192x6144x6144,2,318
tuning/logs/f16_8192x6144x8192,2,480
tuning/logs/f16_8192x8192x1024,2,318
tuning/logs/f16_8192x8192x12288,2,486
tuning/logs/f16_8192x8192x128,2,316
tuning/logs/f16_8192x8192x16384,2,577
tuning/logs/f16_8192x8192x2048,2,318
tuning/logs/f16_8192x8192x256,2,316
tuning/logs/f16_8192x8192x4096,2,318
tuning/logs/f16_8192x8192x512,2,316
tuning/logs/f16_8192x8192x6144,2,747
tuning/logs/f16_8192x8192x8192,2,4268
tuning/logs/f16_TEST_256x256x256,2,576
tuning/perf,1,0
tuning/perf/e4m3_1024x1024x1024,3,189
tuning/perf/e4m3_1024x1024x4096,3,189
tuning/perf/e4m3_1024x1024x8192,32,2930
tuning/perf/e4m3_1024x4096x1024,3,190
tuning/perf/e4m3_1024x4096x4096,5,379
tuning/perf/e4m3_1024x8192x1024,5,380
tuning/perf/e4m3_1024x8192x8192,10,840
tuning/perf/e4m3_12288x12288x12288,32,2868
tuning/perf/e4m3_12288x12288x4096,3,186
tuning/perf/e4m3_12288x12288x8192,7,556
tuning/perf/e4m3_12288x4096x12288,16,1389
tuning/perf/e4m3_12288x4096x4096,4,281
tuning/perf/e4m3_12288x8192x12288,8,648
tuning/perf/e4m3_12288x8192x8192,3,186
tuning/perf/e4m3_128x4096x4096,3,189
tuning/perf/e4m3_128x8192x8192,3,189
tuning/perf/e4m3_16384x16384x16384,25,2222
tuning/perf/e4m3_16384x16384x4096,10,834
tuning/perf/e4m3_16384x16384x8192,3,186
tuning/perf/e4m3_16384x4096x16384,3,185
tuning/perf/e4m3_16384x4096x4096,3,188
tuning/perf/e4m3_16384x8192x16384,3,182
tuning/perf/e4m3_16384x8192x8192,32,2872
tuning/perf/e4m3_2048x2048x2048,3,190
tuning/perf/e4m3_2048x2048x4096,3,189
tuning/perf/e4m3_2048x2048x8192,3,189
tuning/perf/e4m3_2048x4096x2048,8,662
tuning/perf/e4m3_2048x4096x4096,3,190
tuning/perf/e4m3_2048x8192x2048,8,659
tuning/perf/e4m3_2048x8192x8192,5,7347
tuning/perf/e4m3_256x256x256,3,194
tuning/perf/e4m3_256x256x4096,3,192
tuning/perf/e4m3_256x256x8192,4,285
tuning/perf/e4m3_256x4096x256,6,473
tuning/perf/e4m3_256x4096x4096,4,284
tuning/perf/e4m3_256x8192x256,6,475
tuning/perf/e4m3_256x8192x8192,10,855
tuning/perf/e4m3_3072x3072x3072,8,664
tuning/perf/e4m3_3072x3072x4096,21,1888
tuning/perf/e4m3_3072x3072x8192,5,375
tuning/perf/e4m3_3072x4096x3072,4,284
tuning/perf/e4m3_3072x8192x3072,3,187
tuning/perf/e4m3_3072x8192x8192,33,3260
tuning/perf/e4m3_384x8192x8192,3,189
tuning/perf/e4m3_4096x1024x1024,3,189
tuning/perf/e4m3_4096x1024x4096,11,946
tuning/perf/e4m3_4096x1024x8192,32,2937
tuning/perf/e4m3_4096x12288x12288,11,929
tuning/perf/e4m3_4096x12288x4096,5,374
tuning/perf/e4m3_4096x12288x8192,3,188
tuning/perf/e4m3_4096x16384x16384,6,460
tuning/perf/e4m3_4096x16384x4096,10,838
tuning/perf/e4m3_4096x16384x8192,10,844
tuning/perf/e4m3_4096x2048x2048,3,189
tuning/perf/e4m3_4096x2048x4096,3,190
tuning/perf/e4m3_4096x2048x8192,3,188
tuning/perf/e4m3_4096x256x256,14,1232
tuning/perf/e4m3_4096x256x4096,3,190
tuning/perf/e4m3_4096x256x8192,3,190
tuning/perf/e4m3_4096x3072x3072,3,190
tuning/perf/e4m3_4096x3072x8192,3,187
tuning/perf/e4m3_4096x32768x4096,3,187
tuning/perf/e4m3_4096x32768x8192,5,368
tuning/perf/e4m3_4096x4096x1024,8,664
tuning/perf/e4m3_4096x4096x12288,3,188
tuning/perf/e4m3_4096x4096x128,3,189
tuning/perf/e4m3_4096x4096x16384,21,1873
tuning/perf/e4m3_4096x4096x2048,11,943
tuning/perf/e4m3_4096x4096x256,3,190
tuning/perf/e4m3_4096x4096x4096,3,187
tuning/perf/e4m3_4096x4096x512,3,190
tuning/perf/e4m3_4096x4096x6144,3,188
tuning/perf/e4m3_4096x4096x8192,11,939
tuning/perf/e4m3_4096x512x4096,3,190
tuning/perf/e4m3_4096x512x512,3,189
tuning/perf/e4m3_4096x512x8192,3,190
tuning/perf/e4m3_4096x6144x4096,3,188
tuning/perf/e4m3_4096x6144x6144,3,188
tuning/perf/e4m3_4096x6144x8192,4,281
tuning/perf/e4m3_4096x8192x1024,3,188
tuning/perf/e4m3_4096x8192x12288,3,188
tuning/perf/e4m3_4096x8192x128,15,1324
tuning/perf/e4m3_4096x8192x16384,3,187
tuning/perf/e4m3_4096x8192x2048,8,656
tuning/perf/e4m3_4096x8192x256,6,473
tuning/perf/e4m3_4096x8192x32768,13,1113
tuning/perf/e4m3_4096x8192x4096,3,187
tuning/perf/e4m3_4096x8192x512,3,190
tuning/perf/e4m3_4096x8192x6144,18,1590
tuning/perf/e4m3_4096x8192x8192,2,94
tuning/perf/e4m3_512x4096x4096,3,190
tuning/perf/e4m3_512x4096x512,5,380
tuning/perf/e4m3_512x512x4096,3,190
tuning/perf/e4m3_512x512x512,4,287
tuning/perf/e4m3_512x512x8192,3,190
tuning/perf/e4m3_512x8192x512,3,189
tuning/perf/e4m3_512x8192x8192,3,190
tuning/perf/e4m3_6144x4096x4096,5,375
tuning/perf/e4m3_6144x4096x6144,3,188
tuning/perf/e4m3_6144x6144x4096,9,747
tuning/perf/e4m3_6144x6144x6144,3,185
tuning/perf/e4m3_6144x6144x8192,6,469
tuning/perf/e4m3_6144x8192x6144,5,375
tuning/perf/e4m3_6144x8192x8192,3,186
tuning/perf/e4m3_768x768x768,3,188
tuning/perf/e4m3_768x8192x8192,10,851
tuning/perf/e4m3_8192x1024x1024,3,188
tuning/perf/e4m3_8192x1024x8192,3,188
tuning/perf/e4m3_8192x12288x12288,3,186
tuning/perf/e4m3_8192x12288x8192,12,1018
tuning/perf/e4m3_8192x16384x16384,5,371
tuning/perf/e4m3_8192x16384x8192,6,462
tuning/perf/e4m3_8192x2048x2048,3,189
tuning/perf/e4m3_8192x2048x8192,3,186
tuning/perf/e4m3_8192x256x256,4,284
tuning/perf/e4m3_8192x256x8192,7,570
tuning/perf/e4m3_8192x3072x3072,3,188
tuning/perf/e4m3_8192x32768x8192,3,183
tuning/perf/e4m3_8192x4096x4096,5,374
tuning/perf/e4m3_8192x4096x8192,8,658
tuning/perf/e4m3_8192x512x512,3,189
tuning/perf/e4m3_8192x512x8192,8,662
tuning/perf/e4m3_8192x6144x6144,5,375
tuning/perf/e4m3_8192x6144x8192,12,1032
tuning/perf/e4m3_8192x8192x1024,13,1126
tuning/perf/e4m3_8192x8192x1024_pm,1,74
tuning/perf/e4m3_8192x8192x12288,32,2871
tuning/perf/e4m3_8192x8192x128,5,372
tuning/perf/e4m3_8192x8192x16384,17,1483
tuning/perf/e4m3_8192x8192x2048,8,655
tuning/perf/e4m3_8192x8192x256,6,467
tuning/perf/e4m3_8192x8192x4096,3,188
tuning/perf/e4m3_8192x8192x512,10,845
tuning/perf/e4m3_8192x8192x6144,3,188
tuning/perf/e4m3_8192x8192x8192,3,188
tuning/perf/f16_1024x1024x1024,1,0
tuning/perf/f16_1024x1024x4096,1,0
tuning/perf/f16_1024x1024x8192,1,0
tuning/perf/f16_1024x4096x1024,1,0
tuning/perf/f16_1024x4096x4096,1,0
tuning/perf/f16_1024x8192x1024,1,0
tuning/perf/f16_1024x8192x8192,14,1220
tuning/perf/f16_12288x12288x12288,3,188
tuning/perf/f16_12288x12288x4096,3,187
tuning/perf/f16_12288x12288x8192,6,467
tuning/perf/f16_12288x4096x12288,3,188
tuning/perf/f16_12288x4096x4096,1,0
tuning/perf/f16_12288x8192x12288,3,188
tuning/perf/f16_12288x8192x8192,6,469
tuning/perf/f16_128x4096x4096,1,0
tuning/perf/f16_128x8192x8192,113,137706
tuning/perf/f16_16384x16384x16384,3,187
tuning/perf/f16_16384x16384x4096,5,376
tuning/perf/f16_16384x16384x8192,5,374
tuning/perf/f16_16384x4096x16384,5,376
tuning/perf/f16_16384x4096x4096,1,0
tuning/perf/f16_16384x8192x16384,7,560
tuning/perf/f16_16384x8192x8192,3,187
tuning/perf/f16_2048x2048x2048,1,0
tuning/perf/f16_2048x2048x4096,1,0
tuning/perf/f16_2048x2048x8192,1,0
tuning/perf/f16_2048x4096x2048,1,0
tuning/perf/f16_2048x4096x4096,1,0
tuning/perf/f16_2048x8192x2048,1,0
tuning/perf/f16_2048x8192x8192,32,2870
tuning/perf/f16_256x256x256,1,0
tuning/perf/f16_256x256x4096,32,3567
tuning/perf/f16_256x256x8192,50,40247
tuning/perf/f16_256x4096x256,113,19730
tuning/perf/f16_256x4096x4096,1,0
tuning/perf/f16_256x8192x256,1,0
tuning/perf/f16_256x8192x8192,1,0
tuning/perf/f16_3072x3072x3072,1,0
tuning/perf/f16_3072x3072x4096,1,0
tuning/perf/f16_3072x3072x8192,1,0
tuning/perf/f16_3072x4096x3072,1,0
tuning/perf/f16_3072x8192x3072,1,0
tuning/perf/f16_3072x8192x8192,35,14675
tuning/perf/f16_384x8192x8192,1,0
tuning/perf/f16_4096x1024x1024,1,0
tuning/perf/f16_4096x1024x4096,1,0
tuning/perf/f16_4096x1024x8192,1,0
tuning/perf/f16_4096x12288x12288,4,282
tuning/perf/f16_4096x12288x4096,1,0
tuning/perf/f16_4096x12288x8192,3,186
tuning/perf/f16_4096x16384x16384,12,1020
tuning/perf/f16_4096x16384x4096,1,0
tuning/perf/f16_4096x16384x8192,3,188
tuning/perf/f16_4096x2048x2048,1,0
tuning/perf/f16_4096x2048x4096,1,0
tuning/perf/f16_4096x2048x8192,1,0
tuning/perf/f16_4096x256x256,1,0
tuning/perf/f16_4096x256x4096,1,0
tuning/perf/f16_4096x256x8192,1,0
tuning/perf/f16_4096x3072x3072,1,0
tuning/perf/f16_4096x3072x8192,1,0
tuning/perf/f16_4096x32768x4096,1,0
tuning/perf/f16_4096x32768x8192,3,186
tuning/perf/f16_4096x4096x1024,1,0
tuning/perf/f16_4096x4096x12288,3,185
tuning/perf/f16_4096x4096x128,1,0
tuning/perf/f16_4096x4096x16384,3,188
tuning/perf/f16_4096x4096x2048,1,0
tuning/perf/f16_4096x4096x256,1,0
tuning/perf/f16_4096x4096x4096,34,8249
tuning/perf/f16_4096x4096x512,1,0
tuning/perf/f16_4096x4096x6144,1,0
tuning/perf/f16_4096x4096x8192,33,5390
tuning/perf/f16_4096x512x4096,1,0
tuning/perf/f16_4096x512x512,1,0
tuning/perf/f16_4096x512x8192,1,0
tuning/perf/f16_4096x6144x4096,1,0
tuning/perf/f16_4096x6144x6144,1,0
tuning/perf/f16_4096x6144x8192,19,3801
tuning/perf/f16_4096x8192x1024,1,0
tuning/perf/f16_4096x8192x12288,32,2874
tuning/perf/f16_4096x8192x128,1,0
tuning/perf/f16_4096x8192x16384,3,188
tuning/perf/f16_4096x8192x2048,1,0
tuning/perf/f16_4096x8192x256,1,0
tuning/perf/f16_4096x8192x32768,5,375
tuning/perf/f16_4096x8192x4096,33,2921
tuning/perf/f16_4096x8192x512,1,0
tuning/perf/f16_4096x8192x6144,32,2904
tuning/perf/f16_4096x8192x8192,34,8063
tuning/perf/f16_512x4096x4096,1,0
tuning/perf/f16_512x4096x512,1,0
tuning/perf/f16_512x512x4096,1,0
tuning/perf/f16_512x512x512,1,0
tuning/perf/f16_512x512x8192,1,0
tuning/perf/f16_512x8192x512,1,0
tuning/perf/f16_512x8192x8192,18,15736
tuning/perf/f16_6144x4096x4096,1,0
tuning/perf/f16_6144x4096x6144,1,0
tuning/perf/f16_6144x6144x4096,1,0
tuning/perf/f16_6144x6144x6144,1,0
tuning/perf/f16_6144x6144x8192,24,2157
tuning/perf/f16_6144x8192x6144,4,280
tuning/perf/f16_6144x8192x8192,33,9994
tuning/perf/f16_768x768x768,1,0
tuning/perf/f16_768x768x768_fs,222,24127360
tuning/perf/f16_768x8192x8192,1,0
tuning/perf/f16_8192x1024x1024,1,0
tuning/perf/f16_8192x1024x8192,1,0
tuning/perf/f16_8192x12288x12288,22,1967
tuning/perf/f16_8192x12288x8192,32,2901
tuning/perf/f16_8192x16384x16384,5,375
tuning/perf/f16_8192x16384x8192,4,281
tuning/perf/f16_8192x2048x2048,1,0
tuning/perf/f16_8192x2048x8192,1,0
tuning/perf/f16_8192x256x256,1,0
tuning/perf/f16_8192x256x8192,1,0
tuning/perf/f16_8192x3072x3072,1,0
tuning/perf/f16_8192x32768x8192,3,188
tuning/perf/f16_8192x4096x4096,1,0
tuning/perf/f16_8192x4096x8192,3,188
tuning/perf/f16_8192x512x512,1,0
tuning/perf/f16_8192x512x8192,1,0
tuning/perf/f16_8192x6144x6144,1,0
tuning/perf/f16_8192x6144x8192,3,187
tuning/perf/f16_8192x8192x1024,1,0
tuning/perf/f16_8192x8192x12288,3,188
tuning/perf/f16_8192x8192x128,1,0
tuning/perf/f16_8192x8192x16384,4,282
tuning/perf/f16_8192x8192x2048,1,0
tuning/perf/f16_8192x8192x256,1,0
tuning/perf/f16_8192x8192x4096,1,0
tuning/perf/f16_8192x8192x512,1,0
tuning/perf/f16_8192x8192x6144,6,470
tuning/perf/f16_8192x8192x8192,33,4460
tuning/perf/f16_TEST_256x256x256,6,108
tuning/push_marginal_logs/e4m3_16384x16384x8192_pm/seed_sweep/sweeper_srcs,15,356717
tuning/push_marginal_logs/e4m3_4096x4096x1024_pm,1,1070
tuning/push_marginal_logs/e4m3_4096x4096x1024_pm/ait016_s3,1,1069
tuning/push_marginal_logs/e4m3_4096x4096x1024_pm/ait016_s3/sweeper_srcs,31,749477
tuning/push_marginal_logs/e4m3_4096x4096x1024_pm/sweeper_srcs,19,578029
tuning/push_marginal_logs/e4m3_8192x8192x1024_pm,2,4074
tuning/push_marginal_logs/e4m3_8192x8192x1024_pm/phase2_seed,1,1129
tuning/push_marginal_logs/e4m3_8192x8192x1024_pm/phase2_seed/sweeper_srcs,33,784448
tuning/push_marginal_logs/e4m3_8192x8192x1024_pm/sweeper_srcs,31,765752
tuning/srcs,1,0
tuning/srcs/e4m3_1024x1024x1024,3,47553
tuning/srcs/e4m3_1024x1024x4096,3,47553
tuning/srcs/e4m3_1024x1024x8192,32,736970
tuning/srcs/e4m3_1024x4096x1024,3,47553
tuning/srcs/e4m3_1024x4096x4096,5,95131
tuning/srcs/e4m3_1024x8192x1024,5,95131
tuning/srcs/e4m3_1024x8192x8192,10,214030
tuning/srcs/e4m3_12288x12288x12288,32,736970
tuning/srcs/e4m3_12288x12288x4096,3,47553
tuning/srcs/e4m3_12288x12288x8192,7,142711
tuning/srcs/e4m3_12288x4096x12288,16,356640
tuning/srcs/e4m3_12288x4096x4096,4,71342
tuning/srcs/e4m3_12288x8192x12288,8,166499
tuning/srcs/e4m3_12288x8192x8192,3,47553
tuning/srcs/e4m3_128x4096x4096,3,47553
tuning/srcs/e4m3_128x8192x8192,3,47553
tuning/srcs/e4m3_16384x16384x16384,25,570566
tuning/srcs/e4m3_16384x16384x4096,10,214030
tuning/srcs/e4m3_16384x16384x8192,3,47553
tuning/srcs/e4m3_16384x4096x16384,3,47553
tuning/srcs/e4m3_16384x4096x4096,3,47553
tuning/srcs/e4m3_16384x8192x16384,3,47553
tuning/srcs/e4m3_16384x8192x8192,32,736970
tuning/srcs/e4m3_2048x2048x2048,3,47553
tuning/srcs/e4m3_2048x2048x4096,3,47553
tuning/srcs/e4m3_2048x2048x8192,3,47553
tuning/srcs/e4m3_2048x4096x2048,8,166499
tuning/srcs/e4m3_2048x4096x4096,3,47553
tuning/srcs/e4m3_2048x8192x2048,8,166499
tuning/srcs/e4m3_2048x8192x8192,5,95131
tuning/srcs/e4m3_256x256x256,3,47553
tuning/srcs/e4m3_256x256x4096,3,47553
tuning/srcs/e4m3_256x256x8192,4,71342
tuning/srcs/e4m3_256x4096x256,6,118921
tuning/srcs/e4m3_256x4096x4096,4,71342
tuning/srcs/e4m3_256x8192x256,6,118921
tuning/srcs/e4m3_256x8192x8192,10,214030
tuning/srcs/e4m3_3072x3072x3072,8,166499
tuning/srcs/e4m3_3072x3072x4096,21,475485
tuning/srcs/e4m3_3072x3072x8192,5,95131
tuning/srcs/e4m3_3072x4096x3072,4,71342
tuning/srcs/e4m3_3072x8192x3072,3,47553
tuning/srcs/e4m3_3072x8192x8192,34,784849
tuning/srcs/e4m3_384x8192x8192,3,47553
tuning/srcs/e4m3_4096x1024x1024,3,47553
tuning/srcs/e4m3_4096x1024x4096,11,237794
tuning/srcs/e4m3_4096x1024x8192,32,736970
tuning/srcs/e4m3_4096x12288x12288,11,237794
tuning/srcs/e4m3_4096x12288x4096,5,95131
tuning/srcs/e4m3_4096x12288x8192,3,47553
tuning/srcs/e4m3_4096x16384x16384,6,118921
tuning/srcs/e4m3_4096x16384x4096,10,214030
tuning/srcs/e4m3_4096x16384x8192,10,214030
tuning/srcs/e4m3_4096x2048x2048,3,47553
tuning/srcs/e4m3_4096x2048x4096,3,47553
tuning/srcs/e4m3_4096x2048x8192,3,47553
tuning/srcs/e4m3_4096x256x256,14,309086
tuning/srcs/e4m3_4096x256x4096,3,47553
tuning/srcs/e4m3_4096x256x8192,3,47553
tuning/srcs/e4m3_4096x3072x3072,3,47553
tuning/srcs/e4m3_4096x3072x8192,3,47553
tuning/srcs/e4m3_4096x32768x4096,3,47553
tuning/srcs/e4m3_4096x32768x8192,5,95131
tuning/srcs/e4m3_4096x4096x1024,8,166499
tuning/srcs/e4m3_4096x4096x1024_pm,5,129767
tuning/srcs/e4m3_4096x4096x12288,3,47553
tuning/srcs/e4m3_4096x4096x128,3,47553
tuning/srcs/e4m3_4096x4096x16384,21,475485
tuning/srcs/e4m3_4096x4096x2048,11,237794
tuning/srcs/e4m3_4096x4096x256,3,47553
tuning/srcs/e4m3_4096x4096x4096,3,47553
tuning/srcs/e4m3_4096x4096x512,3,47553
tuning/srcs/e4m3_4096x4096x6144,3,47553
tuning/srcs/e4m3_4096x4096x8192,11,237794
tuning/srcs/e4m3_4096x512x4096,3,47553
tuning/srcs/e4m3_4096x512x512,3,47553
tuning/srcs/e4m3_4096x512x8192,3,47553
tuning/srcs/e4m3_4096x6144x4096,3,47553
tuning/srcs/e4m3_4096x6144x6144,3,47553
tuning/srcs/e4m3_4096x6144x8192,4,71342
tuning/srcs/e4m3_4096x8192x1024,3,47553
tuning/srcs/e4m3_4096x8192x12288,3,47553
tuning/srcs/e4m3_4096x8192x128,15,332850
tuning/srcs/e4m3_4096x8192x16384,3,47553
tuning/srcs/e4m3_4096x8192x2048,8,166499
tuning/srcs/e4m3_4096x8192x256,6,118921
tuning/srcs/e4m3_4096x8192x32768,13,285322
tuning/srcs/e4m3_4096x8192x4096,3,47553
tuning/srcs/e4m3_4096x8192x512,3,47553
tuning/srcs/e4m3_4096x8192x6144,18,404168
tuning/srcs/e4m3_4096x8192x8192,2,23764
tuning/srcs/e4m3_512x4096x4096,3,47553
tuning/srcs/e4m3_512x4096x512,5,95131
tuning/srcs/e4m3_512x512x4096,3,47553
tuning/srcs/e4m3_512x512x512,4,71342
tuning/srcs/e4m3_512x512x8192,3,47553
tuning/srcs/e4m3_512x8192x512,3,47553
tuning/srcs/e4m3_512x8192x8192,3,47553
tuning/srcs/e4m3_6144x4096x4096,5,95131
tuning/srcs/e4m3_6144x4096x6144,3,47553
tuning/srcs/e4m3_6144x6144x4096,9,190263
tuning/srcs/e4m3_6144x6144x6144,3,47553
tuning/srcs/e4m3_6144x6144x8192,6,118921
tuning/srcs/e4m3_6144x8192x6144,5,95131
tuning/srcs/e4m3_6144x8192x8192,3,47553
tuning/srcs/e4m3_768x768x768,3,47553
tuning/srcs/e4m3_768x8192x8192,10,214030
tuning/srcs/e4m3_8192x1024x1024,3,47553
tuning/srcs/e4m3_8192x1024x8192,3,47553
tuning/srcs/e4m3_8192x12288x12288,3,47553
tuning/srcs/e4m3_8192x12288x8192,12,261558
tuning/srcs/e4m3_8192x16384x16384,5,95131
tuning/srcs/e4m3_8192x16384x8192,6,118921
tuning/srcs/e4m3_8192x2048x2048,3,47553
tuning/srcs/e4m3_8192x2048x8192,3,47553
tuning/srcs/e4m3_8192x256x256,4,71342
tuning/srcs/e4m3_8192x256x8192,7,142711
tuning/srcs/e4m3_8192x3072x3072,3,47553
tuning/srcs/e4m3_8192x32768x8192,3,47553
tuning/srcs/e4m3_8192x4096x4096,5,95131
tuning/srcs/e4m3_8192x4096x8192,8,166499
tuning/srcs/e4m3_8192x512x512,3,47553
tuning/srcs/e4m3_8192x512x8192,8,166499
tuning/srcs/e4m3_8192x6144x6144,5,95131
tuning/srcs/e4m3_8192x6144x8192,12,261558
tuning/srcs/e4m3_8192x8192x1024,13,285322
tuning/srcs/e4m3_8192x8192x1024_pm,59,995868
tuning/srcs/e4m3_8192x8192x12288,32,736970
tuning/srcs/e4m3_8192x8192x128,5,95131
tuning/srcs/e4m3_8192x8192x16384,17,380404
tuning/srcs/e4m3_8192x8192x2048,8,166499
tuning/srcs/e4m3_8192x8192x256,6,118921
tuning/srcs/e4m3_8192x8192x4096,3,47553
tuning/srcs/e4m3_8192x8192x512,10,214030
tuning/srcs/e4m3_8192x8192x6144,3,47553
tuning/srcs/e4m3_8192x8192x8192,3,47553
tuning/srcs/f16_1024x1024x1024,2,29962
tuning/srcs/f16_1024x1024x4096,2,29962
tuning/srcs/f16_1024x1024x8192,2,29962
tuning/srcs/f16_1024x4096x1024,2,29962
tuning/srcs/f16_1024x4096x4096,2,29962
tuning/srcs/f16_1024x8192x1024,2,29962
tuning/srcs/f16_1024x8192x8192,32,949751
tuning/srcs/f16_12288x12288x12288,3,59949
tuning/srcs/f16_12288x12288x4096,3,59949
tuning/srcs/f16_12288x12288x8192,6,149910
tuning/srcs/f16_12288x4096x12288,3,59949
tuning/srcs/f16_12288x4096x4096,2,29962
tuning/srcs/f16_12288x8192x12288,3,59949
tuning/srcs/f16_12288x8192x8192,6,149910
tuning/srcs/f16_128x4096x4096,2,29962
tuning/srcs/f16_128x8192x8192,32,941792
tuning/srcs/f16_16384x16384x16384,3,59949
tuning/srcs/f16_16384x16384x4096,5,119923
tuning/srcs/f16_16384x16384x8192,5,119923
tuning/srcs/f16_16384x4096x16384,5,119923
tuning/srcs/f16_16384x4096x4096,2,29962
tuning/srcs/f16_16384x8192x16384,7,179898
tuning/srcs/f16_16384x8192x8192,3,59949
tuning/srcs/f16_2048x2048x2048,2,29962
tuning/srcs/f16_2048x2048x4096,2,29962
tuning/srcs/f16_2048x2048x8192,2,29962
tuning/srcs/f16_2048x4096x2048,2,29962
tuning/srcs/f16_2048x4096x4096,2,29962
tuning/srcs/f16_2048x8192x2048,2,29962
tuning/srcs/f16_2048x8192x8192,62,1855347
tuning/srcs/f16_256x256x256,2,29962
tuning/srcs/f16_256x256x4096,32,949665
tuning/srcs/f16_256x256x8192,32,948914
tuning/srcs/f16_256x4096x256,32,950420
tuning/srcs/f16_256x4096x4096,2,29962
tuning/srcs/f16_256x8192x256,2,29962
tuning/srcs/f16_256x8192x8192,2,29962
tuning/srcs/f16_3072x3072x3072,2,29962
tuning/srcs/f16_3072x3072x4096,2,29962
tuning/srcs/f16_3072x3072x8192,2,29962
tuning/srcs/f16_3072x4096x3072,2,29962
tuning/srcs/f16_3072x8192x3072,2,29962
tuning/srcs/f16_3072x8192x8192,31,902030
tuning/srcs/f16_384x8192x8192,2,29962
tuning/srcs/f16_4096x1024x1024,2,29962
tuning/srcs/f16_4096x1024x4096,2,29962
tuning/srcs/f16_4096x1024x8192,2,29962
tuning/srcs/f16_4096x12288x12288,4,89936
tuning/srcs/f16_4096x12288x4096,2,29962
tuning/srcs/f16_4096x12288x8192,3,59949
tuning/srcs/f16_4096x16384x16384,32,948011
tuning/srcs/f16_4096x16384x4096,2,29962
tuning/srcs/f16_4096x16384x8192,3,59949
tuning/srcs/f16_4096x2048x2048,2,29962
tuning/srcs/f16_4096x2048x4096,2,29962
tuning/srcs/f16_4096x2048x8192,2,29962
tuning/srcs/f16_4096x256x256,2,29962
tuning/srcs/f16_4096x256x4096,2,29962
tuning/srcs/f16_4096x256x8192,2,29962
tuning/srcs/f16_4096x3072x3072,2,29962
tuning/srcs/f16_4096x3072x8192,2,29962
tuning/srcs/f16_4096x32768x4096,2,29962
tuning/srcs/f16_4096x32768x8192,3,59949
tuning/srcs/f16_4096x4096x1024,2,29962
tuning/srcs/f16_4096x4096x12288,3,59949
tuning/srcs/f16_4096x4096x128,2,29962
tuning/srcs/f16_4096x4096x16384,3,59949
tuning/srcs/f16_4096x4096x2048,2,29962
tuning/srcs/f16_4096x4096x256,2,29962
tuning/srcs/f16_4096x4096x4096,33,980920
tuning/srcs/f16_4096x4096x512,2,29962
tuning/srcs/f16_4096x4096x6144,2,29962
tuning/srcs/f16_4096x4096x8192,33,980616
tuning/srcs/f16_4096x512x4096,2,29962
tuning/srcs/f16_4096x512x512,2,29962
tuning/srcs/f16_4096x512x8192,2,29962
tuning/srcs/f16_4096x6144x4096,2,29962
tuning/srcs/f16_4096x6144x6144,2,29962
tuning/srcs/f16_4096x6144x8192,32,942808
tuning/srcs/f16_4096x8192x1024,2,29962
tuning/srcs/f16_4096x8192x12288,32,948011
tuning/srcs/f16_4096x8192x128,2,29962
tuning/srcs/f16_4096x8192x16384,3,59949
tuning/srcs/f16_4096x8192x2048,2,29962
tuning/srcs/f16_4096x8192x256,2,29962
tuning/srcs/f16_4096x8192x32768,5,119923
tuning/srcs/f16_4096x8192x4096,33,978592
tuning/srcs/f16_4096x8192x512,2,29962
tuning/srcs/f16_4096x8192x6144,32,948115
tuning/srcs/f16_4096x8192x8192,32,929616
tuning/srcs/f16_512x4096x4096,2,29962
tuning/srcs/f16_512x4096x512,2,29962
tuning/srcs/f16_512x512x4096,2,29962
tuning/srcs/f16_512x512x512,2,29962
tuning/srcs/f16_512x512x8192,2,29962
tuning/srcs/f16_512x8192x512,2,29962
tuning/srcs/f16_512x8192x8192,33,955347
tuning/srcs/f16_6144x4096x4096,2,29962
tuning/srcs/f16_6144x4096x6144,2,29962
tuning/srcs/f16_6144x6144x4096,2,29962
tuning/srcs/f16_6144x6144x6144,2,29962
tuning/srcs/f16_6144x6144x8192,24,689393
tuning/srcs/f16_6144x8192x6144,4,89936
tuning/srcs/f16_6144x8192x8192,34,996171
tuning/srcs/f16_768x768x768,2,29962
tuning/srcs/f16_768x768x768_fs,173,1276471
tuning/srcs/f16_768x8192x8192,2,29962
tuning/srcs/f16_8192x1024x1024,2,29962
tuning/srcs/f16_8192x1024x8192,2,29962
tuning/srcs/f16_8192x12288x12288,22,629444
tuning/srcs/f16_8192x12288x8192,32,929145
tuning/srcs/f16_8192x16384x16384,5,119923
tuning/srcs/f16_8192x16384x8192,4,89936
tuning/srcs/f16_8192x2048x2048,2,29962
tuning/srcs/f16_8192x2048x8192,2,29962
tuning/srcs/f16_8192x256x256,2,29962
tuning/srcs/f16_8192x256x8192,2,29962
tuning/srcs/f16_8192x3072x3072,2,29962
tuning/srcs/f16_8192x32768x8192,3,59949
tuning/srcs/f16_8192x4096x4096,2,29962
tuning/srcs/f16_8192x4096x8192,3,59949
tuning/srcs/f16_8192x512x512,2,29962
tuning/srcs/f16_8192x512x8192,2,29962
tuning/srcs/f16_8192x6144x6144,2,29962
tuning/srcs/f16_8192x6144x8192,3,59949
tuning/srcs/f16_8192x8192x1024,2,29962
tuning/srcs/f16_8192x8192x12288,3,59949
tuning/srcs/f16_8192x8192x128,2,29962
tuning/srcs/f16_8192x8192x16384,4,89936
tuning/srcs/f16_8192x8192x2048,2,29962
tuning/srcs/f16_8192x8192x256,2,29962
tuning/srcs/f16_8192x8192x4096,2,29962
tuning/srcs/f16_8192x8192x512,2,29962
tuning/srcs/f16_8192x8192x6144,6,149910
tuning/srcs/f16_8192x8192x8192,32,948231
tuning/srcs/f16_TEST_256x256x256,4,59
tuning/sweeper_logs/e4m3,2,306444
tuning/sweeper_logs/f16,2,286187
tuning/sweeper_srcs/e4m3,34,816746
tuning/sweeper_srcs/f16,36,1106799
tuning_v2,7,2454494
tuning_v2/kernel_bank/e4m3/1024x1024x1024,4,2389723
tuning_v2/kernel_bank/e4m3/1024x1024x4096,4,2389724
tuning_v2/kernel_bank/e4m3/1024x1024x8192,4,2389722
tuning_v2/kernel_bank/e4m3/1024x4096x1024,4,2384249
tuning_v2/kernel_bank/e4m3/1024x4096x4096,4,2384250
tuning_v2/kernel_bank/e4m3/1024x8192x1024,4,2389709
tuning_v2/kernel_bank/e4m3/1024x8192x8192,4,2384248
tuning_v2/kernel_bank/e4m3/12288x12288x12288,4,2384294
tuning_v2/kernel_bank/e4m3/12288x12288x4096,4,2384284
tuning_v2/kernel_bank/e4m3/12288x12288x8192,4,2384282
tuning_v2/kernel_bank/e4m3/12288x4096x12288,4,2384284
tuning_v2/kernel_bank/e4m3/12288x4096x4096,4,2384272
tuning_v2/kernel_bank/e4m3/12288x8192x12288,4,2384376
tuning_v2/kernel_bank/e4m3/12288x8192x8192,4,2384259
tuning_v2/kernel_bank/e4m3/128x4096x4096,4,2384254
tuning_v2/kernel_bank/e4m3/128x8192x8192,4,2384242
tuning_v2/kernel_bank/e4m3/16384x16384x16384,4,2384294
tuning_v2/kernel_bank/e4m3/16384x16384x4096,4,2384282
tuning_v2/kernel_bank/e4m3/16384x16384x8192,4,2384283
tuning_v2/kernel_bank/e4m3/16384x4096x16384,4,2384304
tuning_v2/kernel_bank/e4m3/16384x4096x4096,4,2384274
tuning_v2/kernel_bank/e4m3/16384x8192x16384,4,2384284
tuning_v2/kernel_bank/e4m3/16384x8192x8192,4,2384274
tuning_v2/kernel_bank/e4m3/2048x2048x2048,4,2384263
tuning_v2/kernel_bank/e4m3/2048x2048x4096,4,2384264
tuning_v2/kernel_bank/e4m3/2048x2048x8192,4,2384252
tuning_v2/kernel_bank/e4m3/2048x4096x2048,4,2384262
tuning_v2/kernel_bank/e4m3/2048x4096x4096,4,2384264
tuning_v2/kernel_bank/e4m3/2048x8192x2048,4,2384264
tuning_v2/kernel_bank/e4m3/2048x8192x8192,4,2384249
tuning_v2/kernel_bank/e4m3/256x256x256,4,2384232
tuning_v2/kernel_bank/e4m3/256x256x4096,4,2384243
tuning_v2/kernel_bank/e4m3/256x256x8192,4,2384243
tuning_v2/kernel_bank/e4m3/256x4096x256,4,2384779
tuning_v2/kernel_bank/e4m3/256x4096x4096,4,2384253
tuning_v2/kernel_bank/e4m3/256x8192x256,4,2384243
tuning_v2/kernel_bank/e4m3/256x8192x8192,4,2384240
tuning_v2/kernel_bank/e4m3/3072x3072x3072,4,2384264
tuning_v2/kernel_bank/e4m3/3072x3072x4096,4,2384264
tuning_v2/kernel_bank/e4m3/3072x3072x8192,4,2384249
tuning_v2/kernel_bank/e4m3/3072x4096x3072,4,2384251
tuning_v2/kernel_bank/e4m3/3072x8192x3072,4,2384263
tuning_v2/kernel_bank/e4m3/3072x8192x8192,4,2384282
tuning_v2/kernel_bank/e4m3/384x8192x8192,4,2384238
tuning_v2/kernel_bank/e4m3/4096x1024x1024,4,2384262
tuning_v2/kernel_bank/e4m3/4096x1024x4096,4,2384264
tuning_v2/kernel_bank/e4m3/4096x1024x8192,4,2388130
tuning_v2/kernel_bank/e4m3/4096x12288x12288,4,2384269
tuning_v2/kernel_bank/e4m3/4096x12288x4096,4,2384273
tuning_v2/kernel_bank/e4m3/4096x12288x8192,4,2384258
tuning_v2/kernel_bank/e4m3/4096x16384x16384,4,2384284
tuning_v2/kernel_bank/e4m3/4096x16384x4096,4,2384292
tuning_v2/kernel_bank/e4m3/4096x16384x8192,4,2388192
tuning_v2/kernel_bank/e4m3/4096x2048x2048,4,2384262
tuning_v2/kernel_bank/e4m3/4096x2048x4096,4,2384247
tuning_v2/kernel_bank/e4m3/4096x2048x8192,4,2384278
tuning_v2/kernel_bank/e4m3/4096x256x256,4,2384242
tuning_v2/kernel_bank/e4m3/4096x256x4096,4,2384254
tuning_v2/kernel_bank/e4m3/4096x256x8192,4,2384254
tuning_v2/kernel_bank/e4m3/4096x3072x3072,4,2384262
tuning_v2/kernel_bank/e4m3/4096x3072x8192,4,2388130
tuning_v2/kernel_bank/e4m3/4096x32768x4096,4,2384366
tuning_v2/kernel_bank/e4m3/4096x32768x8192,4,2384365
tuning_v2/kernel_bank/e4m3/4096x4096x1024,4,2390155
tuning_v2/kernel_bank/e4m3/4096x4096x12288,4,2384295
tuning_v2/kernel_bank/e4m3/4096x4096x128,4,2384254
tuning_v2/kernel_bank/e4m3/4096x4096x16384,4,2384295
tuning_v2/kernel_bank/e4m3/4096x4096x2048,4,2384263
tuning_v2/kernel_bank/e4m3/4096x4096x256,4,2384253
tuning_v2/kernel_bank/e4m3/4096x4096x4096,4,2384264
tuning_v2/kernel_bank/e4m3/4096x4096x512,4,2384254
tuning_v2/kernel_bank/e4m3/4096x4096x6144,4,2384283
tuning_v2/kernel_bank/e4m3/4096x4096x8192,4,2384279
tuning_v2/kernel_bank/e4m3/4096x512x4096,4,2384254
tuning_v2/kernel_bank/e4m3/4096x512x512,4,2384244
tuning_v2/kernel_bank/e4m3/4096x512x8192,4,2384253
tuning_v2/kernel_bank/e4m3/4096x6144x4096,4,2384264
tuning_v2/kernel_bank/e4m3/4096x6144x6144,4,2384263
tuning_v2/kernel_bank/e4m3/4096x6144x8192,4,2384264
tuning_v2/kernel_bank/e4m3/4096x8192x1024,4,2385719
tuning_v2/kernel_bank/e4m3/4096x8192x12288,4,2384274
tuning_v2/kernel_bank/e4m3/4096x8192x128,4,2384254
tuning_v2/kernel_bank/e4m3/4096x8192x16384,4,2384261
tuning_v2/kernel_bank/e4m3/4096x8192x2048,4,2384262
tuning_v2/kernel_bank/e4m3/4096x8192x256,4,2384252
tuning_v2/kernel_bank/e4m3/4096x8192x32768,4,2384262
tuning_v2/kernel_bank/e4m3/4096x8192x4096,4,2384263
tuning_v2/kernel_bank/e4m3/4096x8192x512,4,2384251
tuning_v2/kernel_bank/e4m3/4096x8192x6144,4,2384283
tuning_v2/kernel_bank/e4m3/4096x8192x8192,4,2384270
tuning_v2/kernel_bank/e4m3/512x4096x4096,4,2384239
tuning_v2/kernel_bank/e4m3/512x4096x512,4,2384250
tuning_v2/kernel_bank/e4m3/512x512x4096,4,2384243
tuning_v2/kernel_bank/e4m3/512x512x512,4,2384233
tuning_v2/kernel_bank/e4m3/512x512x8192,4,2384244
tuning_v2/kernel_bank/e4m3/512x8192x512,4,2384228
tuning_v2/kernel_bank/e4m3/512x8192x8192,4,2384239
tuning_v2/kernel_bank/e4m3/6144x4096x4096,4,2384263
tuning_v2/kernel_bank/e4m3/6144x4096x6144,4,2384263
tuning_v2/kernel_bank/e4m3/6144x6144x4096,4,2384261
tuning_v2/kernel_bank/e4m3/6144x6144x6144,4,2384279
tuning_v2/kernel_bank/e4m3/6144x6144x8192,4,2384270
tuning_v2/kernel_bank/e4m3/6144x8192x6144,4,2384264
tuning_v2/kernel_bank/e4m3/6144x8192x8192,4,2384261
tuning_v2/kernel_bank/e4m3/768x768x768,4,2384230
tuning_v2/kernel_bank/e4m3/768x8192x8192,4,2384239
tuning_v2/kernel_bank/e4m3/8192x1024x1024,4,2389720
tuning_v2/kernel_bank/e4m3/8192x1024x8192,4,2384285
tuning_v2/kernel_bank/e4m3/8192x12288x12288,4,2384376
tuning_v2/kernel_bank/e4m3/8192x12288x8192,4,2384274
tuning_v2/kernel_bank/e4m3/8192x16384x16384,4,2384373
tuning_v2/kernel_bank/e4m3/8192x16384x8192,4,2384271
tuning_v2/kernel_bank/e4m3/8192x2048x2048,4,2385719
tuning_v2/kernel_bank/e4m3/8192x2048x8192,4,2384261
tuning_v2/kernel_bank/e4m3/8192x256x256,4,2384776
tuning_v2/kernel_bank/e4m3/8192x256x8192,4,2384254
tuning_v2/kernel_bank/e4m3/8192x3072x3072,4,2384263
tuning_v2/kernel_bank/e4m3/8192x32768x8192,4,2384274
tuning_v2/kernel_bank/e4m3/8192x4096x4096,4,2384264
tuning_v2/kernel_bank/e4m3/8192x4096x8192,4,2384261
tuning_v2/kernel_bank/e4m3/8192x512x512,4,2384244
tuning_v2/kernel_bank/e4m3/8192x512x8192,4,2384272
tuning_v2/kernel_bank/e4m3/8192x6144x6144,4,2384264
tuning_v2/kernel_bank/e4m3/8192x6144x8192,4,2384269
tuning_v2/kernel_bank/e4m3/8192x8192x1024,4,2384654
tuning_v2/kernel_bank/e4m3/8192x8192x12288,4,2384274
tuning_v2/kernel_bank/e4m3/8192x8192x128,4,2384250
tuning_v2/kernel_bank/e4m3/8192x8192x16384,4,2384274
tuning_v2/kernel_bank/e4m3/8192x8192x2048,4,2384263
tuning_v2/kernel_bank/e4m3/8192x8192x256,4,2384789
tuning_v2/kernel_bank/e4m3/8192x8192x4096,4,2384261
tuning_v2/kernel_bank/e4m3/8192x8192x512,4,2384254
tuning_v2/kernel_bank/e4m3/8192x8192x6144,4,2384264
tuning_v2/kernel_bank/e4m3/8192x8192x8192,4,2384264
tuning_v2/kernel_bank/f16/1024x1024x1024,4,2397425
tuning_v2/kernel_bank/f16/1024x1024x4096,4,2397398
tuning_v2/kernel_bank/f16/1024x1024x8192,4,2397398
tuning_v2/kernel_bank/f16/1024x4096x1024,4,2397398
tuning_v2/kernel_bank/f16/1024x4096x4096,4,2397398
tuning_v2/kernel_bank/f16/1024x8192x1024,4,2401768
tuning_v2/kernel_bank/f16/1024x8192x8192,4,2401624
tuning_v2/kernel_bank/f16/12288x12288x12288,4,2401703
tuning_v2/kernel_bank/f16/12288x12288x4096,4,2401819
tuning_v2/kernel_bank/f16/12288x12288x8192,4,2397564
tuning_v2/kernel_bank/f16/12288x4096x12288,4,2397448
tuning_v2/kernel_bank/f16/12288x4096x4096,4,2397561
tuning_v2/kernel_bank/f16/12288x8192x12288,4,2397448
tuning_v2/kernel_bank/f16/12288x8192x8192,4,2397423
tuning_v2/kernel_bank/f16/128x4096x4096,4,2397373
tuning_v2/kernel_bank/f16/128x8192x8192,4,2397373
tuning_v2/kernel_bank/f16/16384x16384x16384,4,2397473
tuning_v2/kernel_bank/f16/16384x16384x4096,4,2397448
tuning_v2/kernel_bank/f16/16384x16384x8192,4,2397448
tuning_v2/kernel_bank/f16/16384x4096x16384,4,2397415
tuning_v2/kernel_bank/f16/16384x4096x4096,4,2397423
tuning_v2/kernel_bank/f16/16384x8192x16384,4,2397415
tuning_v2/kernel_bank/f16/16384x8192x8192,4,2397389
tuning_v2/kernel_bank/f16/2048x2048x2048,4,2397398
tuning_v2/kernel_bank/f16/2048x2048x4096,4,2397397
tuning_v2/kernel_bank/f16/2048x2048x8192,4,2397398
tuning_v2/kernel_bank/f16/2048x4096x2048,4,2397398
tuning_v2/kernel_bank/f16/2048x4096x4096,4,2397398
tuning_v2/kernel_bank/f16/2048x8192x2048,4,2397398
tuning_v2/kernel_bank/f16/2048x8192x8192,4,2397502
tuning_v2/kernel_bank/f16/256x256x256,4,2397323
tuning_v2/kernel_bank/f16/256x256x4096,4,2397348
tuning_v2/kernel_bank/f16/256x256x8192,4,2397452
tuning_v2/kernel_bank/f16/256x4096x256,4,2397485
tuning_v2/kernel_bank/f16/256x4096x4096,4,2397511
tuning_v2/kernel_bank/f16/256x8192x256,4,2397485
tuning_v2/kernel_bank/f16/256x8192x8192,4,2397478
tuning_v2/kernel_bank/f16/3072x3072x3072,4,2397397
tuning_v2/kernel_bank/f16/3072x3072x4096,4,2397397
tuning_v2/kernel_bank/f16/3072x3072x8192,4,2397536
tuning_v2/kernel_bank/f16/3072x4096x3072,4,2397536
tuning_v2/kernel_bank/f16/3072x8192x3072,4,2397536
tuning_v2/kernel_bank/f16/3072x8192x8192,4,2397502
tuning_v2/kernel_bank/f16/384x8192x8192,4,2397373
tuning_v2/kernel_bank/f16/4096x1024x1024,4,2397536
tuning_v2/kernel_bank/f16/4096x1024x4096,4,2397398
tuning_v2/kernel_bank/f16/4096x1024x8192,4,2397502
tuning_v2/kernel_bank/f16/4096x12288x12288,4,2397415
tuning_v2/kernel_bank/f16/4096x12288x4096,4,2397560
tuning_v2/kernel_bank/f16/4096x12288x8192,4,2397423
tuning_v2/kernel_bank/f16/4096x16384x16384,4,2397553
tuning_v2/kernel_bank/f16/4096x16384x4096,4,2397560
tuning_v2/kernel_bank/f16/4096x16384x8192,4,2397423
tuning_v2/kernel_bank/f16/4096x2048x2048,4,2397398
tuning_v2/kernel_bank/f16/4096x2048x4096,4,2397398
tuning_v2/kernel_bank/f16/4096x2048x8192,4,2397365
tuning_v2/kernel_bank/f16/4096x256x256,4,2397451
tuning_v2/kernel_bank/f16/4096x256x4096,4,2397340
tuning_v2/kernel_bank/f16/4096x256x8192,4,2397339
tuning_v2/kernel_bank/f16/4096x3072x3072,4,2397365
tuning_v2/kernel_bank/f16/4096x3072x8192,4,2397364
tuning_v2/kernel_bank/f16/4096x32768x4096,4,2397423
tuning_v2/kernel_bank/f16/4096x32768x8192,4,2397423
tuning_v2/kernel_bank/f16/4096x4096x1024,4,2397536
tuning_v2/kernel_bank/f16/4096x4096x12288,4,2397390
tuning_v2/kernel_bank/f16/4096x4096x128,4,2402888
tuning_v2/kernel_bank/f16/4096x4096x16384,4,2397390
tuning_v2/kernel_bank/f16/4096x4096x2048,4,2397398
tuning_v2/kernel_bank/f16/4096x4096x256,4,2397373
tuning_v2/kernel_bank/f16/4096x4096x4096,4,2397398
tuning_v2/kernel_bank/f16/4096x4096x512,4,2405703
tuning_v2/kernel_bank/f16/4096x4096x6144,4,2397536
tuning_v2/kernel_bank/f16/4096x4096x8192,4,2397365
tuning_v2/kernel_bank/f16/4096x512x4096,4,2397373
tuning_v2/kernel_bank/f16/4096x512x512,4,2405540
tuning_v2/kernel_bank/f16/4096x512x8192,4,2397373
tuning_v2/kernel_bank/f16/4096x6144x4096,4,2397536
tuning_v2/kernel_bank/f16/4096x6144x6144,4,2397398
tuning_v2/kernel_bank/f16/4096x6144x8192,4,2397365
tuning_v2/kernel_bank/f16/4096x8192x1024,4,2397536
tuning_v2/kernel_bank/f16/4096x8192x12288,4,2397528
tuning_v2/kernel_bank/f16/4096x8192x128,4,2402890
tuning_v2/kernel_bank/f16/4096x8192x16384,4,2397390
tuning_v2/kernel_bank/f16/4096x8192x2048,4,2397398
tuning_v2/kernel_bank/f16/4096x8192x256,4,2397511
tuning_v2/kernel_bank/f16/4096x8192x4096,4,2397398
tuning_v2/kernel_bank/f16/4096x8192x512,4,2405565
tuning_v2/kernel_bank/f16/4096x8192x6144,4,2397398
tuning_v2/kernel_bank/f16/4096x8192x8192,4,2397365
tuning_v2/kernel_bank/f16/512x4096x4096,4,2397373
tuning_v2/kernel_bank/f16/512x4096x512,4,2405676
tuning_v2/kernel_bank/f16/512x512x4096,4,2397348
tuning_v2/kernel_bank/f16/512x512x512,4,2405515
tuning_v2/kernel_bank/f16/512x512x8192,4,2397452
tuning_v2/kernel_bank/f16/512x8192x512,4,2405678
tuning_v2/kernel_bank/f16/512x8192x8192,4,2397340
tuning_v2/kernel_bank/f16/6144x4096x4096,4,2397398
tuning_v2/kernel_bank/f16/6144x4096x6144,4,2397397
tuning_v2/kernel_bank/f16/6144x6144x4096,4,2397398
tuning_v2/kernel_bank/f16/6144x6144x6144,4,2397398
tuning_v2/kernel_bank/f16/6144x6144x8192,4,2397365
tuning_v2/kernel_bank/f16/6144x8192x6144,4,2397398
tuning_v2/kernel_bank/f16/6144x8192x8192,4,2397365
tuning_v2/kernel_bank/f16/768x768x768,4,2405482
tuning_v2/kernel_bank/f16/768x8192x8192,4,2397373
tuning_v2/kernel_bank/f16/8192x1024x1024,4,2397398
tuning_v2/kernel_bank/f16/8192x1024x8192,4,2397365
tuning_v2/kernel_bank/f16/8192x12288x12288,4,2397415
tuning_v2/kernel_bank/f16/8192x12288x8192,4,2397423
tuning_v2/kernel_bank/f16/8192x16384x16384,4,2397415
tuning_v2/kernel_bank/f16/8192x16384x8192,4,2397423
tuning_v2/kernel_bank/f16/8192x2048x2048,4,2397398
tuning_v2/kernel_bank/f16/8192x2048x8192,4,2397398
tuning_v2/kernel_bank/f16/8192x256x256,4,2397348
tuning_v2/kernel_bank/f16/8192x256x8192,4,2397373
tuning_v2/kernel_bank/f16/8192x3072x3072,4,2397398
tuning_v2/kernel_bank/f16/8192x32768x8192,4,2397422
tuning_v2/kernel_bank/f16/8192x4096x4096,4,2397398
tuning_v2/kernel_bank/f16/8192x4096x8192,4,2397398
tuning_v2/kernel_bank/f16/8192x512x512,4,2405540
tuning_v2/kernel_bank/f16/8192x512x8192,4,2397373
tuning_v2/kernel_bank/f16/8192x6144x6144,4,2397398
tuning_v2/kernel_bank/f16/8192x6144x8192,4,2397503
tuning_v2/kernel_bank/f16/8192x8192x1024,4,2397398
tuning_v2/kernel_bank/f16/8192x8192x12288,4,2397390
tuning_v2/kernel_bank/f16/8192x8192x128,4,2402890
tuning_v2/kernel_bank/f16/8192x8192x16384,4,2397423
tuning_v2/kernel_bank/f16/8192x8192x2048,4,2397398
tuning_v2/kernel_bank/f16/8192x8192x256,4,2397510
tuning_v2/kernel_bank/f16/8192x8192x4096,4,2397536
tuning_v2/kernel_bank/f16/8192x8192x512,4,2405703
tuning_v2/kernel_bank/f16/8192x8192x6144,4,2397398
tuning_v2/kernel_bank/f16/8192x8192x8192,4,2397398
tuning_v2/logs,10,72893
tuning_v2/scripts,16,125239
tuning_v2/scripts/__pycache__,1,4857
tuning_v2/sweeper,14,9632994
tuning_v2/sweeper/e4m3,4,32897
tuning_v2/sweeper/e4m3/bins,33,77663864
tuning_v2/sweeper/e4m3/logs,15,57872
tuning_v2/sweeper/e4m3/srcs,34,816746
tuning_v2/sweeper/f16,1,13224
tuning_v2/sweeper/f16/bins,5,11825328
tuning_v2/sweeper/f16/srcs,36,1096791
tuning_v2/sweeper/f16_aitune_bins,133,312981232
tuning_v2/sweeper/f16_bins,35,82926088
tuning_v2/sweeper/f16_pershape_bins/ns30,133,312985648
tuning_v2/sweeper/f16_pershape_bins/ns50,133,312985648
tuning_v2/sweeper/f16_variant_bins,36,84848280
tuning_v2/sweeper/f16_variant_templates,2,61188
tuning_v2/sweeper/f16_variants,37,1143074
tuning_v3,11,796719
